Date,HomeTeam,AwayTeam,FTR,FTHG,FTAG,avg_GoalsScored_home,avg_GoalsConceded_home,avg_Shots_home,avg_ShotsOnTarget_home,avg_GoalsScored_away,avg_GoalsConceded_away,avg_Shots_away,avg_ShotsOnTarget_away
11/08/2023,Burnley,Man City,A,0,3,1.2,2.4,8.6,3.4,1.8,0.6,13.4,5.0
12/08/2023,Arsenal,Nott'm Forest,H,2,1,2.4,0.6,16.2,6.8,1.0,1.6,13.2,3.6
12/08/2023,Bournemouth,West Ham,D,1,1,1.8,1.4,19.8,6.8,1.4,3.2,13.0,4.2
12/08/2023,Brighton,Luton,H,4,1,1.2,1.2,14.8,4.8,0.8,2.0,10.4,3.4
12/08/2023,Everton,Fulham,A,0,1,1.2,1.2,12.0,4.4,2.4,1.6,13.0,5.4
12/08/2023,Sheffield United,Crystal Palace,A,0,1,1.4,1.4,9.4,3.8,1.6,2.0,13.6,3.8
12/08/2023,Newcastle,Aston Villa,H,5,1,1.4,2.4,10.6,4.6,0.8,1.4,16.6,5.0
13/08/2023,Brentford,Tottenham,D,2,2,1.2,1.0,11.0,4.6,2.2,1.6,14.0,6.0
13/08/2023,Chelsea,Liverpool,D,1,1,2.8,1.8,14.4,6.0,2.4,1.2,17.8,7.0
14/08/2023,Man United,Wolves,H,1,0,1.4,1.2,12.6,3.0,1.2,1.8,13.6,4.8
18/08/2023,Nott'm Forest,Sheffield United,H,2,1,1.4,1.6,15.6,5.8,0.4,2.4,7.2,2.0
19/08/2023,Fulham,Brentford,A,0,3,1.8,1.4,13.0,4.8,1.0,2.6,9.8,4.2
19/08/2023,Liverpool,Bournemouth,H,3,1,1.8,0.6,24.4,8.4,1.8,1.8,18.2,6.2
19/08/2023,Wolves,Brighton,A,1,4,0.6,2.0,12.8,4.2,1.8,1.4,13.8,4.8
19/08/2023,Tottenham,Man United,H,2,0,1.6,1.2,17.4,6.8,1.6,1.2,13.8,5.2
19/08/2023,Man City,Newcastle,H,1,0,2.2,1.0,23.0,9.2,2.4,1.4,17.2,6.4
20/08/2023,Aston Villa,Everton,H,4,0,1.6,1.8,12.8,4.0,0.8,2.0,10.2,3.0
20/08/2023,West Ham,Chelsea,H,3,1,1.2,1.8,9.0,3.4,1.4,0.6,13.4,6.0
21/08/2023,Crystal Palace,Arsenal,A,0,1,2.6,2.0,12.0,5.4,2.4,0.2,22.0,6.6
25/08/2023,Chelsea,Luton,H,3,0,0.8,2.6,12.2,3.8,1.2,2.4,13.4,3.8
26/08/2023,Bournemouth,Tottenham,A,0,2,1.6,1.4,17.4,6.4,2.2,0.6,15.2,6.2
26/08/2023,Arsenal,Fulham,D,2,2,2.6,0.8,17.2,6.0,0.6,1.6,13.6,4.6
26/08/2023,Brentford,Crystal Palace,D,1,1,2.2,1.8,15.8,6.4,1.4,0.6,13.8,5.4
26/08/2023,Everton,Wolves,A,0,1,1.4,1.2,12.8,4.8,0.8,0.6,10.6,3.6
26/08/2023,Man United,Nott'm Forest,H,3,2,1.6,1.4,16.4,6.8,1.6,2.8,13.6,4.8
26/08/2023,Brighton,West Ham,A,1,3,1.4,1.6,13.0,4.6,2.0,2.0,13.0,4.4
27/08/2023,Burnley,Aston Villa,A,1,3,0.8,1.6,9.0,2.8,2.2,1.6,13.0,5.2
27/08/2023,Sheffield United,Man City,A,1,2,0.8,4.0,13.4,3.6,2.0,0.4,12.4,5.4
27/08/2023,Newcastle,Liverpool,A,1,2,3.6,1.4,16.4,7.2,1.6,1.2,20.0,7.0
02/09/2023,Brentford,Bournemouth,D,2,2,1.5,1.5,16.0,5.0,1.0,0.5,10.0,5.0
02/09/2023,Burnley,Tottenham,A,2,5,1.0,1.0,13.0,6.0,1.3333333333333333,1.3333333333333333,15.333333333333334,4.333333333333333
02/09/2023,Chelsea,Nott'm Forest,A,0,1,2.0,1.0,16.5,5.5,1.3333333333333333,1.0,10.0,2.3333333333333335
02/09/2023,Brighton,Newcastle,H,3,1,0.0,1.5,18.5,6.5,2.0,1.6666666666666667,12.333333333333334,5.333333333333333
03/09/2023,Crystal Palace,Wolves,H,3,2,0.6666666666666666,2.6666666666666665,4.666666666666667,2.6666666666666665,1.25,2.5,10.5,3.75
03/09/2023,Liverpool,Aston Villa,H,3,0,2.5,1.0,28.0,8.5,3.0,2.0,11.333333333333334,7.0
03/09/2023,Arsenal,Man United,H,3,1,2.0,0.5,16.0,5.0,1.6666666666666667,2.3333333333333335,10.666666666666666,3.3333333333333335
16/09/2023,Wolves,Liverpool,A,1,3,1.0,1.8,16.2,5.2,1.6,1.2,16.8,6.0
16/09/2023,Aston Villa,Crystal Palace,H,3,1,1.8,1.8,14.8,4.8,1.6,1.4,14.2,4.8
16/09/2023,Fulham,Luton,H,1,0,1.4,0.8,13.2,5.6,1.4,3.0,9.0,3.6
16/09/2023,Man United,Brighton,A,1,3,1.6,1.4,12.6,3.4,1.6,1.2,17.0,6.4
16/09/2023,Tottenham,Sheffield United,H,2,1,1.2,1.8,14.0,5.6,0.8,1.2,9.0,1.6
16/09/2023,West Ham,Man City,A,1,3,1.4,2.4,15.2,4.4,3.4,1.4,20.0,9.4
16/09/2023,Newcastle,Brentford,H,1,0,2.6,1.8,15.2,7.2,1.4,1.6,11.2,4.8
17/09/2023,Bournemouth,Chelsea,D,0,0,2.2,1.6,17.8,7.4,2.4,0.6,12.2,6.4
17/09/2023,Everton,Arsenal,A,0,1,1.0,1.8,11.2,4.6,2.2,0.8,15.2,5.8
18/09/2023,Nott'm Forest,Burnley,D,1,1,1.4,1.2,16.8,5.6,0.8,2.0,12.6,3.6
23/09/2023,Crystal Palace,Fulham,D,0,0,1.2,2.6,14.4,4.0,1.2,2.6,11.6,4.4
23/09/2023,Luton,Wolves,D,1,1,1.4,3.4,13.6,4.0,0.6,1.8,10.6,4.2
23/09/2023,Man City,Nott'm Forest,H,2,0,1.6,0.6,21.6,7.6,1.4,1.8,13.0,4.8
23/09/2023,Brentford,Everton,A,1,3,2.8,0.8,15.6,6.8,0.8,1.8,9.2,2.6
23/09/2023,Burnley,Man United,A,0,1,1.2,2.4,12.0,3.2,1.2,0.8,14.8,5.0
24/09/2023,Arsenal,Tottenham,D,2,2,2.6,0.8,17.0,5.2,2.0,0.6,15.6,6.0
24/09/2023,Brighton,Bournemouth,H,3,1,1.4,1.0,14.6,5.6,1.2,1.6,14.6,5.4
24/09/2023,Chelsea,Aston Villa,A,0,1,1.0,2.2,13.0,4.4,3.2,1.0,14.0,5.6
24/09/2023,Liverpool,West Ham,H,3,1,2.0,1.0,21.0,7.2,2.0,2.4,11.6,4.2
24/09/2023,Sheffield United,Newcastle,A,0,8,1.4,2.6,13.2,5.8,1.0,1.6,8.4,2.8
30/09/2023,Aston Villa,Brighton,H,6,1,2.2,1.4,13.0,5.4,1.2,2.6,16.0,5.8
30/09/2023,Bournemouth,Arsenal,A,0,4,2.0,0.8,13.2,4.6,2.4,1.4,18.0,6.6
30/09/2023,Everton,Luton,A,1,2,0.8,1.0,12.6,2.8,2.0,1.8,10.6,4.4
30/09/2023,Man United,Crystal Palace,A,0,1,1.6,1.4,13.4,5.8,1.4,1.6,12.4,3.8
30/09/2023,Newcastle,Burnley,H,2,0,3.0,1.8,18.8,6.8,1.0,2.0,11.6,3.8
30/09/2023,West Ham,Sheffield United,H,2,0,2.0,1.6,10.2,4.0,1.4,3.6,8.0,3.2
30/09/2023,Wolves,Man City,H,2,1,2.0,1.8,11.6,5.0,2.2,0.6,20.2,7.6
30/09/2023,Tottenham,Liverpool,H,2,1,1.8,2.2,15.6,3.6,2.0,0.8,17.0,6.6
02/10/2023,Fulham,Chelsea,A,0,2,1.6666666666666667,2.6666666666666665,12.0,4.0,1.3333333333333333,1.0,18.0,4.333333333333333
03/10/2023,Luton,Burnley,A,1,2,1.6,2.6,10.8,4.0,2.0,2.0,16.0,5.4
07/10/2023,Luton,Tottenham,A,0,1,1.6,1.8,13.8,5.2,2.2,2.8,10.6,5.6
07/10/2023,Burnley,Chelsea,A,1,4,0.6,1.8,13.2,3.6,3.2,1.6,17.8,7.6
07/10/2023,Everton,Bournemouth,H,3,0,1.2,0.8,11.6,3.6,1.0,2.4,8.0,2.0
07/10/2023,Fulham,Sheffield United,H,3,1,1.6,1.2,14.0,4.2,1.2,2.2,10.6,3.4
07/10/2023,Man United,Brentford,H,2,1,1.6,2.2,15.0,5.2,1.6,2.0,9.6,3.0
07/10/2023,Crystal Palace,Nott'm Forest,D,0,0,1.8,1.4,10.8,4.4,1.4,2.0,9.0,4.0
08/10/2023,Brighton,Liverpool,D,2,2,1.2,1.6,13.6,5.6,2.4,1.2,24.2,8.6
08/10/2023,West Ham,Newcastle,D,2,2,1.2,2.6,13.8,3.2,2.0,1.6,15.2,5.4
08/10/2023,Wolves,Aston Villa,D,1,1,1.6,2.2,9.4,4.4,1.2,1.6,11.8,3.4
08/10/2023,Arsenal,Man City,H,1,0,3.2,0.8,20.8,7.2,3.6,1.2,17.2,9.0
21/10/2023,Liverpool,Everton,H,2,0,3.2,0.6,23.8,10.2,0.8,1.6,9.6,2.6
21/10/2023,Bournemouth,Wolves,A,1,2,0.6,2.4,14.6,4.2,0.6,2.4,10.2,4.2
21/10/2023,Brentford,Burnley,H,3,0,2.6,1.6,13.0,5.8,1.2,2.2,13.6,3.4
21/10/2023,Man City,Brighton,H,2,1,1.6,0.8,23.4,8.2,2.4,1.2,14.6,6.0
21/10/2023,Newcastle,Crystal Palace,H,4,0,2.0,1.0,14.4,5.0,2.2,1.8,13.8,5.4
21/10/2023,Nott'm Forest,Luton,D,2,2,1.4,1.6,12.4,4.0,1.0,3.2,12.4,3.6
21/10/2023,Chelsea,Arsenal,D,2,2,1.2,1.0,14.2,5.6,2.4,0.2,22.2,6.4
21/10/2023,Sheffield United,Man United,A,1,2,0.8,3.2,11.6,4.4,1.0,1.2,14.8,4.8
22/10/2023,Aston Villa,West Ham,H,4,1,2.0,1.6,12.6,4.6,2.2,2.2,9.6,3.6
23/10/2023,Tottenham,Fulham,H,2,0,1.6,1.2,18.4,6.8,1.2,2.0,12.4,4.6
27/10/2023,Crystal Palace,Tottenham,A,1,2,1.6,0.8,16.0,6.0,1.8,1.0,15.2,6.0
28/10/2023,Chelsea,Brentford,A,0,2,1.8,1.8,14.4,5.2,0.8,2.2,11.8,4.0
28/10/2023,Arsenal,Sheffield United,H,5,0,2.4,1.4,14.8,6.4,1.0,2.8,12.8,3.8
28/10/2023,Bournemouth,Burnley,H,2,1,2.0,1.2,15.4,5.6,0.6,2.2,9.4,2.8
28/10/2023,Wolves,Newcastle,D,2,2,2.0,1.0,11.6,4.0,3.8,1.4,19.6,8.4
29/10/2023,West Ham,Everton,A,0,1,2.6,1.2,11.4,4.6,0.8,1.4,16.0,4.4
29/10/2023,Aston Villa,Luton,H,3,1,2.0,1.4,13.0,5.2,1.4,1.6,11.2,3.8
29/10/2023,Brighton,Fulham,D,1,1,1.6,2.8,14.2,5.6,1.6,1.8,10.8,3.8
29/10/2023,Liverpool,Nott'm Forest,H,3,0,2.0,1.0,17.2,6.4,1.8,2.6,13.2,4.0
29/10/2023,Man United,Man City,A,0,3,2.8,1.4,18.4,8.6,2.4,0.6,18.8,6.8
04/11/2023,Fulham,Man United,A,0,1,1.2,2.6,11.0,4.4,1.6,2.2,10.4,2.8
04/11/2023,Brentford,West Ham,H,3,2,1.4,1.0,14.8,4.6,1.0,1.2,12.0,3.4
04/11/2023,Burnley,Crystal Palace,A,0,2,2.0,1.8,16.4,5.2,1.2,2.2,7.8,4.2
04/11/2023,Everton,Brighton,D,1,1,1.4,1.2,12.4,4.0,1.8,1.6,17.0,6.4
04/11/2023,Man City,Bournemouth,H,6,1,4.0,1.4,19.4,8.0,1.4,1.6,10.6,3.8
04/11/2023,Sheffield United,Wolves,H,2,1,0.4,4.4,9.0,3.2,1.8,2.6,8.4,3.4
04/11/2023,Newcastle,Arsenal,H,1,0,2.2,1.8,18.2,5.8,3.4,0.4,18.4,7.0
05/11/2023,Nott'm Forest,Aston Villa,H,2,0,1.6,0.8,11.8,3.8,1.6,2.0,8.8,4.0
05/11/2023,Luton,Liverpool,D,1,1,1.4,2.4,11.8,3.6,3.0,1.8,21.4,7.8
06/11/2023,Tottenham,Chelsea,A,1,4,2.4,2.6,13.4,5.8,3.2,1.8,17.4,7.8
11/11/2023,Wolves,Tottenham,H,2,1,1.0,1.6,11.2,4.4,2.6,1.0,18.4,7.8
11/11/2023,Arsenal,Burnley,H,3,1,2.4,0.4,17.2,6.4,1.0,2.2,7.8,3.0
11/11/2023,Crystal Palace,Everton,A,2,3,1.0,1.2,13.2,3.2,1.2,0.8,14.6,4.8
11/11/2023,Man United,Luton,H,1,0,1.6,1.4,16.4,5.8,0.8,2.0,9.6,2.4
11/11/2023,Bournemouth,Newcastle,H,2,0,1.4,2.0,18.2,5.6,1.8,2.4,11.0,4.2
12/11/2023,Aston Villa,Fulham,H,3,1,0.8,2.4,15.4,4.8,2.0,1.4,10.8,4.6
12/11/2023,Brighton,Sheffield United,D,1,1,1.6,1.0,17.4,6.6,1.2,1.0,10.0,3.6
12/11/2023,Liverpool,Brentford,H,3,0,2.0,1.4,20.0,5.8,1.2,1.2,10.0,4.4
12/11/2023,West Ham,Nott'm Forest,H,3,2,1.2,3.0,15.2,4.2,1.2,2.0,11.2,3.0
12/11/2023,Chelsea,Man City,D,4,4,2.6,1.6,12.6,5.4,2.4,0.4,16.0,6.4
25/11/2023,Man City,Liverpool,D,1,1,2.0,0.2,14.2,6.6,1.8,1.0,19.6,6.0
25/11/2023,Burnley,West Ham,A,1,2,1.2,1.6,8.6,3.2,1.6,2.8,11.4,3.8
25/11/2023,Luton,Crystal Palace,H,2,1,1.0,2.0,14.4,3.4,1.2,1.0,14.0,4.4
25/11/2023,Newcastle,Chelsea,H,4,1,2.6,1.4,11.4,5.6,1.2,2.0,12.6,4.6
25/11/2023,Nott'm Forest,Brighton,A,2,3,1.2,2.6,11.6,4.4,1.0,1.4,14.4,4.8
25/11/2023,Sheffield United,Bournemouth,A,1,3,0.8,3.2,9.6,3.4,1.2,1.6,14.2,5.0
25/11/2023,Brentford,Arsenal,A,0,1,2.4,1.4,14.6,5.6,2.8,1.2,16.8,5.8
26/11/2023,Tottenham,Aston Villa,A,1,2,2.0,0.6,15.0,5.6,2.6,1.0,14.4,5.6
26/11/2023,Everton,Man United,A,0,3,1.4,1.0,14.6,6.0,1.8,1.6,17.2,7.6
27/11/2023,Fulham,Wolves,H,3,2,1.0,1.8,12.2,3.6,1.2,0.6,13.2,3.8
02/12/2023,Brentford,Luton,H,3,1,1.6666666666666667,1.6666666666666667,17.666666666666668,5.666666666666667,1.5,2.5,14.5,3.0
02/12/2023,Burnley,Sheffield United,H,5,0,1.5,3.0,14.5,5.0,2.0,2.0,13.0,8.0
02/12/2023,Nott'm Forest,Everton,A,0,1,1.25,0.75,9.25,2.5,1.3333333333333333,2.0,16.0,6.666666666666667
02/12/2023,Newcastle,Man United,H,1,0,1.75,2.0,11.5,4.5,4.0,3.0,21.0,8.0
03/12/2023,Bournemouth,Aston Villa,D,2,2,1.5,0.75,10.5,4.5,2.25,2.25,10.75,6.0
03/12/2023,Chelsea,Brighton,H,3,2,1.5,0.75,16.25,4.25,1.4,1.0,17.8,6.2
03/12/2023,Liverpool,Fulham,H,4,3,2.6666666666666665,0.6666666666666666,24.333333333333332,7.0,1.4,2.4,12.2,4.4
03/12/2023,West Ham,Crystal Palace,D,1,1,1.4,0.8,9.4,3.4,1.25,2.5,7.5,4.75
03/12/2023,Man City,Tottenham,D,3,3,4.0,1.0,19.666666666666668,8.0,2.2,1.6,15.0,5.8
05/12/2023,Wolves,Burnley,H,1,0,1.8,2.8,8.8,3.6,1.0,2.2,16.0,4.8
05/12/2023,Luton,Arsenal,A,3,4,1.4,2.0,12.0,4.4,3.0,0.6,18.6,6.4
06/12/2023,Brighton,Brentford,H,2,1,0.8,1.4,14.8,5.4,1.4,1.6,9.0,3.0
06/12/2023,Crystal Palace,Bournemouth,A,0,2,2.4,1.4,10.8,6.0,1.0,2.8,8.8,2.6
06/12/2023,Fulham,Nott'm Forest,H,5,0,1.0,1.6,14.2,4.4,1.4,0.6,9.6,3.6
06/12/2023,Sheffield United,Liverpool,A,0,2,0.8,3.6,10.0,3.0,2.6,2.0,22.8,8.2
06/12/2023,Aston Villa,Man City,H,1,0,1.0,2.2,9.2,2.6,4.2,1.6,20.4,9.4
06/12/2023,Man United,Chelsea,H,2,1,1.6,2.2,12.0,3.8,3.6,2.0,18.6,8.6
07/12/2023,Everton,Newcastle,H,3,0,1.6,0.8,14.2,4.6,2.2,1.0,17.0,5.6
07/12/2023,Tottenham,West Ham,A,1,2,2.0,2.4,11.8,5.2,1.0,2.6,13.4,2.8
09/12/2023,Crystal Palace,Liverpool,A,1,2,1.4,1.4,14.0,4.6,2.2,1.4,21.2,7.6
09/12/2023,Brighton,Burnley,D,1,1,1.2,1.4,12.8,4.4,0.4,2.4,12.4,3.4
09/12/2023,Man United,Bournemouth,A,0,3,1.6,1.6,16.0,6.4,1.2,2.6,13.4,4.4
09/12/2023,Sheffield United,Brentford,H,1,0,1.4,2.0,9.2,4.0,1.4,2.4,9.0,3.0
09/12/2023,Wolves,Nott'm Forest,D,1,1,1.2,1.2,9.4,4.0,1.2,1.8,10.6,3.8
09/12/2023,Aston Villa,Arsenal,H,1,0,1.0,1.4,13.2,3.6,2.0,1.0,17.2,5.0
10/12/2023,Everton,Chelsea,H,2,0,1.4,0.8,17.2,4.8,3.2,1.2,14.0,6.6
10/12/2023,Fulham,West Ham,H,5,0,2.4,1.0,15.6,5.6,1.6,2.2,12.4,3.6
10/12/2023,Luton,Man City,A,1,2,1.4,2.0,13.0,4.4,1.4,1.0,10.6,4.0
10/12/2023,Tottenham,Newcastle,H,4,1,2.2,0.8,16.0,5.8,1.4,1.4,10.2,3.6
15/12/2023,Nott'm Forest,Tottenham,A,0,2,1.4,2.2,12.6,4.8,1.0,2.4,12.2,4.2
16/12/2023,Chelsea,Sheffield United,H,2,0,2.8,1.2,14.2,6.4,0.4,1.4,9.0,2.0
16/12/2023,Man City,Crystal Palace,D,2,2,3.4,1.6,22.4,10.8,1.2,1.8,12.8,4.8
16/12/2023,Newcastle,Fulham,H,3,0,2.8,1.4,15.4,6.6,1.4,0.8,14.0,5.6
16/12/2023,Burnley,Everton,A,0,2,1.0,1.8,11.0,4.4,0.8,1.8,12.4,4.6
17/12/2023,Arsenal,Brighton,H,2,0,1.8,0.6,14.6,5.4,2.0,1.2,16.0,7.2
17/12/2023,Brentford,Aston Villa,A,1,2,1.2,1.8,11.0,4.8,1.6,0.6,13.6,4.0
17/12/2023,West Ham,Wolves,H,3,0,1.0,2.0,12.0,4.2,1.4,1.6,14.8,4.6
17/12/2023,Liverpool,Man United,D,0,0,2.2,1.4,15.8,5.6,1.8,1.8,12.6,3.8
21/12/2023,Crystal Palace,Brighton,D,1,1,2.0,2.4,15.2,5.2,2.0,1.4,13.6,5.0
22/12/2023,Aston Villa,Sheffield United,D,1,1,2.6,1.6,13.0,5.0,1.0,2.6,12.8,5.4
23/12/2023,West Ham,Man United,H,2,0,1.8,3.0,9.8,3.6,1.4,0.8,15.8,5.6
23/12/2023,Fulham,Burnley,A,0,2,1.0,2.0,11.4,4.4,1.2,1.6,12.8,4.0
23/12/2023,Luton,Newcastle,H,1,0,1.4,3.2,13.2,4.0,2.6,1.0,14.6,6.0
23/12/2023,Nott'm Forest,Bournemouth,A,2,3,1.2,2.0,12.2,4.6,0.8,2.8,13.4,4.2
23/12/2023,Tottenham,Everton,H,2,1,2.0,0.6,18.6,6.8,1.2,1.8,9.0,3.0
23/12/2023,Liverpool,Arsenal,D,1,1,3.2,0.6,21.8,8.6,3.0,0.4,19.8,6.2
24/12/2023,Wolves,Chelsea,H,2,1,0.6,1.0,10.2,4.0,1.0,2.4,12.2,4.0
26/12/2023,Newcastle,Nott'm Forest,A,1,3,2.6,1.6,12.2,5.2,1.6,3.0,11.6,4.0
26/12/2023,Bournemouth,Fulham,H,3,0,1.0,1.4,16.0,5.6,0.8,1.4,12.8,4.2
26/12/2023,Sheffield United,Luton,A,2,3,0.8,3.4,9.2,2.6,1.2,1.4,13.6,3.4
26/12/2023,Burnley,Liverpool,A,0,2,0.6,1.8,7.6,2.4,1.4,1.0,18.4,5.2
26/12/2023,Man United,Aston Villa,H,3,2,2.2,1.6,16.8,7.6,2.4,1.0,14.6,5.8
27/12/2023,Brentford,Wolves,A,1,4,0.8,2.0,11.4,3.6,1.6,1.0,12.2,4.2
27/12/2023,Chelsea,Crystal Palace,H,2,1,1.4,1.8,14.6,5.2,1.2,1.2,15.6,5.4
27/12/2023,Everton,Man City,A,1,3,0.8,1.0,15.8,4.6,2.0,0.4,16.4,6.0
28/12/2023,Brighton,Tottenham,H,4,2,1.4,2.6,13.8,4.6,1.8,1.6,14.4,4.4
28/12/2023,Arsenal,West Ham,A,0,2,2.6,1.2,13.8,6.4,2.4,1.8,12.4,4.8
30/12/2023,Luton,Chelsea,A,2,3,1.8,1.6,10.0,4.0,1.4,2.2,17.4,5.6
30/12/2023,Aston Villa,Burnley,H,3,2,3.0,1.2,15.0,6.4,1.0,2.0,11.4,4.2
30/12/2023,Crystal Palace,Brentford,H,3,1,1.4,1.4,11.2,3.4,1.0,1.4,14.8,3.8
30/12/2023,Man City,Sheffield United,H,2,0,2.2,0.8,21.6,8.2,1.2,3.0,8.2,2.6
30/12/2023,Wolves,Everton,H,3,0,2.0,1.8,9.6,4.2,0.8,1.4,13.6,3.6
30/12/2023,Nott'm Forest,Man United,H,2,1,1.0,1.8,11.8,3.4,1.0,1.6,15.4,5.8
31/12/2023,Fulham,Arsenal,H,2,1,1.6,1.4,16.0,5.6,2.2,0.6,16.6,5.8
31/12/2023,Tottenham,Bournemouth,H,3,1,2.2,2.2,18.6,4.4,2.0,1.2,12.6,4.2
12/01/2024,Burnley,Luton,D,1,1,1.0,2.6,8.2,3.4,0.8,2.0,9.2,2.8
13/01/2024,Chelsea,Fulham,H,1,0,2.6,2.2,14.2,6.2,2.0,1.6,8.0,4.4
13/01/2024,Newcastle,Man City,A,2,3,1.8,2.2,12.6,6.2,2.8,1.2,15.2,7.8
14/01/2024,Everton,Aston Villa,D,0,0,1.2,1.0,11.2,5.0,1.6,3.0,16.0,5.6
14/01/2024,Man United,Tottenham,D,2,2,1.0,1.4,14.8,3.2,1.8,2.0,15.8,6.2
20/01/2024,Arsenal,Crystal Palace,H,5,0,2.0,0.6,19.8,5.8,2.0,1.2,8.8,4.6
20/01/2024,Brentford,Nott'm Forest,H,3,2,1.4,2.2,11.4,4.8,1.6,0.8,15.4,5.6
21/01/2024,Sheffield United,West Ham,D,2,2,0.4,3.2,8.6,3.4,1.6,1.4,10.2,4.0
21/01/2024,Bournemouth,Liverpool,A,0,4,1.2,1.8,16.0,5.2,2.4,0.6,25.4,9.2
22/01/2024,Brighton,Wolves,D,0,0,2.2,1.2,16.0,6.0,0.6,2.4,11.8,4.2
30/01/2024,Nott'm Forest,Arsenal,A,1,2,1.4,2.4,13.0,3.6,2.2,1.2,17.2,6.8
30/01/2024,Fulham,Everton,D,0,0,1.4,1.8,9.4,3.8,0.6,1.4,14.8,4.0
30/01/2024,Luton,Brighton,H,4,0,1.4,2.2,9.4,3.0,1.8,2.2,16.4,6.4
30/01/2024,Crystal Palace,Sheffield United,H,3,2,1.0,1.6,14.2,5.0,1.0,3.6,10.8,3.0
30/01/2024,Aston Villa,Newcastle,A,1,3,2.4,1.6,13.4,5.0,2.6,1.8,17.8,6.4
31/01/2024,Man City,Burnley,H,3,1,2.2,0.6,19.2,7.2,1.2,2.4,10.0,3.8
31/01/2024,Tottenham,Brentford,H,3,2,2.0,2.0,16.8,3.6,1.0,1.8,14.2,4.4
31/01/2024,Liverpool,Chelsea,H,4,1,2.0,1.0,17.8,6.8,1.8,1.8,18.4,6.4
03/02/2024,Everton,Tottenham,D,2,2,1.25,1.5,15.0,5.75,2.25,1.5,16.5,5.75
03/02/2024,Brighton,Crystal Palace,H,4,1,1.0,1.3333333333333333,17.333333333333332,6.333333333333333,0.5,2.0,3.5,1.5
03/02/2024,Burnley,Fulham,D,2,2,2.6666666666666665,2.0,16.0,5.666666666666667,1.25,2.5,11.5,3.75
03/02/2024,Newcastle,Luton,D,4,4,1.6,1.6,13.6,4.4,1.3333333333333333,2.6666666666666665,12.0,2.3333333333333335
03/02/2024,Sheffield United,Aston Villa,A,0,5,1.0,3.5,9.5,5.5,3.0,2.0,12.0,8.0
04/02/2024,Bournemouth,Nott'm Forest,D,1,1,1.6,1.0,11.4,5.0,1.0,0.8,10.0,2.4
04/02/2024,Chelsea,Wolves,A,2,4,1.8,1.0,14.6,4.4,1.4,2.6,10.8,3.8
04/02/2024,Man United,West Ham,H,3,0,1.5,2.5,10.5,3.0,1.4,0.8,9.4,3.4
04/02/2024,Arsenal,Liverpool,H,3,1,2.3333333333333335,0.6666666666666666,16.333333333333332,5.0,3.0,1.25,24.75,8.25
05/02/2024,Brentford,Man City,A,1,3,1.6,1.0,15.2,4.4,4.2,1.4,22.2,8.6
10/02/2024,Man City,Everton,H,2,0,2.6,1.2,14.0,6.8,1.6,0.6,18.2,5.4
10/02/2024,Fulham,Bournemouth,H,3,1,1.8,1.0,17.8,5.0,1.6,1.4,14.4,5.0
10/02/2024,Liverpool,Burnley,H,3,1,1.8,1.2,19.0,5.4,0.4,1.8,10.2,3.0
10/02/2024,Luton,Sheffield United,A,1,3,1.4,1.6,10.6,4.4,1.2,1.8,8.8,4.4
10/02/2024,Tottenham,Brighton,H,2,1,1.6,2.2,14.8,5.8,1.2,1.4,17.2,6.2
10/02/2024,Wolves,Brentford,A,0,2,1.2,1.0,9.4,4.2,1.2,2.0,9.2,3.2
10/02/2024,Nott'm Forest,Newcastle,A,2,3,0.8,1.8,9.2,3.4,1.6,1.2,13.4,4.8
11/02/2024,West Ham,Arsenal,A,0,6,1.6,2.2,11.6,4.2,2.0,1.0,16.8,5.8
11/02/2024,Aston Villa,Man United,A,1,2,1.2,1.6,14.2,3.6,1.6,1.4,18.6,6.6
12/02/2024,Crystal Palace,Chelsea,A,1,3,1.4,1.4,12.6,3.4,2.4,1.8,11.0,5.0
17/02/2024,Brentford,Liverpool,A,1,4,1.0,1.6,11.2,4.2,2.0,1.2,16.2,6.0
17/02/2024,Burnley,Arsenal,A,0,5,1.0,1.6,12.6,4.6,2.4,0.8,17.0,6.8
17/02/2024,Fulham,Aston Villa,A,1,2,1.2,0.8,13.4,5.4,2.2,1.0,14.8,4.6
17/02/2024,Newcastle,Bournemouth,D,2,2,2.4,1.2,17.4,6.0,2.0,1.6,18.0,6.8
17/02/2024,Nott'm Forest,West Ham,H,2,0,1.2,2.0,13.0,4.6,1.6,1.8,15.4,4.8
17/02/2024,Tottenham,Wolves,A,1,2,1.2,1.6,16.0,6.4,1.2,2.0,15.0,4.6
17/02/2024,Man City,Chelsea,D,1,1,3.0,1.2,23.2,10.6,2.4,0.4,13.8,5.8
18/02/2024,Sheffield United,Brighton,A,0,5,0.4,1.6,7.6,2.0,1.2,1.4,11.8,5.0
18/02/2024,Luton,Man United,A,1,2,1.2,3.0,7.6,3.0,1.4,1.4,12.2,3.6
19/02/2024,Everton,Crystal Palace,D,1,1,0.4,1.6,11.2,4.0,1.2,1.6,11.2,4.4
20/02/2024,Man City,Brentford,H,1,0,2.0,1.0,24.2,9.0,2.0,2.4,11.4,5.4
21/02/2024,Liverpool,Luton,H,4,1,2.6,0.4,25.0,9.4,1.0,2.6,12.0,3.8
24/02/2024,Aston Villa,Nott'm Forest,H,4,2,2.4,1.6,12.4,4.8,1.2,2.4,12.0,4.4
24/02/2024,Brighton,Everton,D,1,1,1.2,1.2,13.4,4.8,1.2,1.8,11.6,4.2
24/02/2024,Crystal Palace,Burnley,H,3,0,1.2,1.6,13.4,3.6,1.4,1.4,12.2,3.8
24/02/2024,Man United,Fulham,A,1,2,1.0,1.0,13.8,4.4,0.2,2.0,12.2,4.0
24/02/2024,Bournemouth,Man City,A,0,1,1.2,2.8,12.6,4.6,1.8,0.4,16.8,7.4
24/02/2024,Arsenal,Newcastle,H,4,1,2.2,0.6,18.2,5.4,2.0,1.2,12.2,4.4
25/02/2024,Wolves,Sheffield United,H,1,0,1.0,0.8,12.0,4.6,1.2,3.4,11.4,3.8
26/02/2024,West Ham,Brentford,H,4,2,1.6,2.6,10.4,3.4,1.8,1.2,14.2,5.2
02/03/2024,Newcastle,Wolves,H,3,0,2.0,4.0,5.0,3.0,3.0,4.0,16.0,7.0
02/03/2024,Nott'm Forest,Liverpool,A,0,1,1.0,1.0,6.0,1.0,4.0,2.0,34.0,15.0
03/03/2024,Burnley,Bournemouth,A,0,2,2.5,2.0,15.0,5.25,1.3333333333333333,1.0,10.666666666666666,5.0
03/03/2024,Man City,Man United,H,3,1,5.0,1.0,7.0,5.0,2.0,2.0,14.5,4.5
04/03/2024,Sheffield United,Arsenal,A,0,6,0.6666666666666666,4.0,9.666666666666666,5.333333333333333,2.5,0.75,16.0,5.5
09/03/2024,Man United,Everton,H,2,0,1.4,1.6,15.4,5.8,1.8,0.4,15.6,4.8
09/03/2024,Bournemouth,Sheffield United,D,2,2,0.8,2.8,8.4,2.4,1.2,2.2,10.0,3.2
09/03/2024,Crystal Palace,Luton,D,1,1,1.6,1.2,10.6,4.4,1.4,1.8,12.6,4.6
09/03/2024,Wolves,Fulham,H,2,1,1.0,2.0,8.2,3.6,1.6,0.6,16.2,4.4
09/03/2024,Arsenal,Brentford,H,2,1,2.2,0.8,18.8,5.6,1.8,2.4,10.4,3.0
10/03/2024,Aston Villa,Tottenham,A,0,4,1.2,1.2,14.8,4.0,1.6,1.6,15.8,5.8
10/03/2024,Brighton,Nott'm Forest,H,1,0,1.2,1.8,15.4,5.2,0.8,2.4,10.8,3.4
10/03/2024,West Ham,Burnley,D,2,2,1.6,2.4,10.4,3.2,0.6,2.0,8.6,2.8
10/03/2024,Liverpool,Man City,D,1,1,2.2,1.2,19.2,6.2,1.8,1.0,13.6,5.8
11/03/2024,Chelsea,Newcastle,H,3,2,2.2,1.6,12.2,4.6,1.4,2.2,10.2,3.8
13/03/2024,Bournemouth,Luton,H,4,3,1.6,1.2,16.2,5.4,0.8,2.2,8.2,3.0
16/03/2024,Burnley,Brentford,H,2,1,0.8,2.0,9.0,3.8,1.6,1.2,11.2,5.0
16/03/2024,Luton,Nott'm Forest,D,1,1,1.2,3.0,9.0,3.6,1.4,2.4,13.8,4.2
16/03/2024,Fulham,Tottenham,H,3,0,0.8,1.6,10.2,4.4,1.2,2.0,13.4,5.0
17/03/2024,West Ham,Aston Villa,D,1,1,1.0,2.0,12.6,3.8,2.0,1.0,14.8,4.0
30/03/2024,Newcastle,West Ham,H,4,3,2.4,1.8,17.8,6.4,2.2,1.2,11.6,4.4
30/03/2024,Bournemouth,Everton,H,2,1,2.2,0.8,15.6,6.0,0.6,1.2,16.0,3.4
30/03/2024,Chelsea,Burnley,D,2,2,1.6,1.8,14.6,4.6,0.8,2.0,10.2,3.4
30/03/2024,Nott'm Forest,Crystal Palace,D,1,1,1.2,2.2,11.2,3.2,1.4,1.6,13.4,4.2
30/03/2024,Sheffield United,Fulham,D,3,3,1.2,3.6,10.6,3.6,1.0,1.4,12.8,4.4
30/03/2024,Tottenham,Luton,H,2,1,1.8,2.0,15.6,4.0,2.2,1.6,10.8,4.4
30/03/2024,Aston Villa,Wolves,H,2,0,2.2,2.0,12.8,5.2,2.2,1.4,11.2,4.8
30/03/2024,Brentford,Man United,D,1,1,1.2,2.0,11.4,4.4,2.0,1.6,14.8,6.6
31/03/2024,Liverpool,Brighton,H,2,1,2.4,1.2,19.6,7.4,1.2,3.2,13.2,4.4
31/03/2024,Man City,Arsenal,D,0,0,2.2,0.6,17.4,6.2,2.8,1.0,17.2,6.0
02/04/2024,Newcastle,Everton,D,1,1,2.5,2.0,9.5,5.0,1.0,3.0,22.0,11.0
02/04/2024,Nott'm Forest,Fulham,H,3,1,0.5,1.0,7.0,1.5,3.0,0.0,12.0,5.0
02/04/2024,Bournemouth,Crystal Palace,H,1,0,1.0,1.0,9.0,4.0,1.0,3.0,4.0,1.0
02/04/2024,West Ham,Tottenham,D,1,1,1.5,0.75,9.0,3.25,3.0,1.0,14.0,6.0
03/04/2024,Arsenal,Luton,H,2,0,2.0,1.0,19.0,6.0,2.0,3.0,11.75,3.75
03/04/2024,Brentford,Brighton,D,0,0,2.0,1.5,20.0,5.75,1.75,1.25,16.25,6.25
03/04/2024,Man City,Aston Villa,H,4,1,4.0,1.0,17.0,6.5,4.0,1.0,13.0,9.0
04/04/2024,Liverpool,Sheffield United,H,3,1,2.6,1.6,21.8,6.8,0.5,4.5,8.25,4.0
04/04/2024,Chelsea,Man United,H,4,3,1.8,1.4,14.2,4.4,1.8,2.0,10.8,3.4
06/04/2024,Crystal Palace,Man City,A,2,4,1.4,1.6,7.8,4.6,4.2,1.4,21.8,10.0
06/04/2024,Aston Villa,Brentford,D,3,3,0.6,2.4,8.6,2.6,1.4,1.2,12.8,3.6
06/04/2024,Everton,Burnley,H,1,0,1.4,1.2,12.4,4.2,0.6,2.0,16.0,4.6
06/04/2024,Fulham,Newcastle,A,0,1,1.0,1.8,13.4,4.2,2.2,1.6,16.4,5.0
06/04/2024,Luton,Bournemouth,H,2,1,1.2,2.0,11.0,3.6,1.2,2.4,9.2,3.0
06/04/2024,Wolves,West Ham,A,1,2,1.8,2.4,9.0,3.8,0.8,2.6,13.4,2.8
06/04/2024,Brighton,Arsenal,A,0,3,1.6,1.0,15.4,6.2,3.2,1.0,19.8,7.2
07/04/2024,Man United,Liverpool,D,2,2,1.8,1.8,15.6,5.2,2.2,1.4,20.6,7.4
07/04/2024,Sheffield United,Chelsea,D,2,2,0.8,3.0,9.2,2.2,3.2,2.0,19.6,8.2
07/04/2024,Tottenham,Nott'm Forest,H,3,1,2.6,3.0,11.2,6.2,1.2,1.6,9.0,3.2
13/04/2024,Newcastle,Tottenham,H,4,0,2.0,2.0,13.2,6.6,2.6,1.0,15.0,6.8
13/04/2024,Brentford,Sheffield United,H,2,0,1.0,1.4,11.0,4.4,1.0,0.8,9.2,2.0
13/04/2024,Burnley,Brighton,D,1,1,1.0,2.2,9.0,4.0,1.6,1.0,13.8,5.6
13/04/2024,Man City,Luton,H,5,1,3.2,1.4,18.6,8.8,1.2,2.6,9.0,3.4
13/04/2024,Nott'm Forest,Wolves,D,2,2,1.4,2.4,11.6,3.6,1.2,1.6,13.0,4.6
13/04/2024,Bournemouth,Man United,D,2,2,1.8,1.8,19.0,6.6,1.0,1.0,16.2,4.4
14/04/2024,Liverpool,Crystal Palace,A,0,1,2.2,1.2,17.6,6.8,1.6,1.8,14.2,4.6
14/04/2024,West Ham,Fulham,A,0,2,1.4,3.0,14.0,4.6,1.4,1.6,9.4,4.0
14/04/2024,Arsenal,Aston Villa,A,0,2,2.4,0.6,15.8,7.0,1.6,2.2,17.2,6.4
15/04/2024,Chelsea,Everton,H,6,0,2.4,1.6,14.0,5.2,1.2,0.6,12.2,5.2
20/04/2024,Luton,Brentford,A,1,5,1.0,2.6,11.6,3.6,1.8,1.8,9.6,4.6
20/04/2024,Sheffield United,Burnley,A,1,4,0.4,2.8,6.4,2.2,0.8,2.2,13.8,2.8
20/04/2024,Wolves,Arsenal,A,0,2,0.8,2.6,11.4,4.0,3.0,0.2,20.4,6.2
21/04/2024,Everton,Nott'm Forest,H,2,0,0.8,1.6,10.0,3.0,1.8,1.2,14.6,5.0
21/04/2024,Aston Villa,Bournemouth,H,3,1,1.8,1.6,12.2,4.4,0.8,2.2,14.2,4.4
21/04/2024,Crystal Palace,West Ham,H,5,2,1.8,2.2,9.6,4.6,2.0,1.4,11.4,4.4
21/04/2024,Fulham,Liverpool,A,1,3,1.2,2.0,11.8,3.8,2.6,0.4,27.8,10.4
23/04/2024,Arsenal,Chelsea,H,5,0,2.4,0.6,19.6,5.2,1.2,1.4,13.4,5.4
24/04/2024,Wolves,Bournemouth,A,0,1,0.8,1.6,10.4,4.2,1.0,2.4,12.6,4.4
24/04/2024,Crystal Palace,Newcastle,H,2,0,0.8,1.2,12.8,3.4,1.8,1.6,9.4,3.8
24/04/2024,Everton,Liverpool,H,2,0,1.4,1.2,11.0,4.4,2.8,0.6,19.2,7.2
24/04/2024,Man United,Sheffield United,H,4,2,0.8,1.4,15.8,5.4,1.0,2.4,12.4,5.2
25/04/2024,Brighton,Man City,A,0,4,1.2,1.0,14.0,4.8,1.4,0.2,14.2,6.2
27/04/2024,West Ham,Liverpool,D,2,2,2.4,1.4,12.6,4.2,1.4,1.0,17.0,6.0
27/04/2024,Fulham,Crystal Palace,D,1,1,0.8,2.0,12.4,3.8,1.4,0.6,14.6,5.8
27/04/2024,Man United,Burnley,D,1,1,2.8,1.6,17.2,8.4,0.6,1.6,8.2,2.2
27/04/2024,Newcastle,Sheffield United,H,5,1,2.8,2.0,13.0,6.2,1.0,3.8,12.4,3.4
27/04/2024,Wolves,Luton,H,2,1,1.0,0.6,11.2,3.4,1.4,1.4,13.4,3.4
27/04/2024,Everton,Brentford,H,1,0,0.8,1.4,15.8,6.0,1.4,1.8,14.0,4.8
27/04/2024,Aston Villa,Chelsea,D,2,2,2.0,1.4,13.6,5.2,1.0,2.4,11.8,4.4
28/04/2024,Bournemouth,Brighton,H,3,0,1.6,1.2,16.6,5.6,1.6,2.2,15.8,5.8
28/04/2024,Tottenham,Arsenal,A,2,3,1.8,1.2,14.2,5.2,2.0,1.2,15.6,6.2
28/04/2024,Nott'm Forest,Man City,A,0,2,2.2,2.8,12.6,4.6,2.2,0.6,19.6,7.0
02/05/2024,Chelsea,Tottenham,H,2,0,2.0,2.0,17.0,6.0,2.0,1.0,13.5,5.0
03/05/2024,Luton,Everton,D,1,1,1.6,2.8,10.4,3.2,1.4,1.6,14.8,5.6
04/05/2024,Arsenal,Bournemouth,H,3,0,3.2,0.6,17.2,6.4,1.6,1.0,11.4,4.6
04/05/2024,Brentford,Fulham,D,0,0,1.6,1.2,17.0,5.0,1.4,3.2,11.6,4.4
04/05/2024,Burnley,Newcastle,A,1,4,2.2,2.0,16.2,5.0,2.0,1.6,16.4,5.0
04/05/2024,Sheffield United,Nott'm Forest,A,1,3,0.6,4.2,8.2,3.8,1.0,0.8,10.4,3.4
04/05/2024,Man City,Wolves,H,5,1,3.75,1.5,19.25,7.0,1.6,2.2,10.4,3.8
05/05/2024,Brighton,Aston Villa,H,1,0,2.0,1.2,15.4,5.8,2.2,2.2,10.8,5.4
05/05/2024,Chelsea,West Ham,H,5,0,2.2,2.0,16.6,5.4,1.4,1.8,13.2,3.4
05/05/2024,Liverpool,Tottenham,H,4,2,2.4,1.4,20.8,5.6,2.2,2.0,13.8,5.4
06/05/2024,Crystal Palace,Man United,H,4,0,1.8,2.2,8.6,5.0,1.8,2.0,11.2,3.6
11/05/2024,Fulham,Man City,A,0,4,3.4,0.8,15.6,6.4,1.0,0.8,10.6,3.6
11/05/2024,Bournemouth,Brentford,A,1,2,1.6,1.6,17.8,5.6,1.0,1.4,9.4,3.8
11/05/2024,Everton,Sheffield United,H,1,0,1.6,0.8,16.6,5.2,1.8,1.6,9.0,4.8
11/05/2024,Newcastle,Brighton,D,1,1,1.6,2.8,10.0,3.4,1.4,1.2,15.4,5.4
11/05/2024,Tottenham,Burnley,H,2,1,2.4,0.8,17.2,6.8,1.0,2.2,8.4,3.0
11/05/2024,West Ham,Luton,H,3,1,1.2,3.2,10.4,3.6,1.0,1.6,12.6,4.0
11/05/2024,Wolves,Crystal Palace,A,1,3,1.0,1.4,11.4,4.4,1.2,1.0,14.2,4.6
11/05/2024,Nott'm Forest,Chelsea,A,2,3,0.8,1.6,11.8,4.0,2.0,1.8,11.2,4.6
12/05/2024,Man United,Arsenal,A,0,1,1.4,1.0,17.6,5.6,2.4,0.6,16.4,6.2
13/05/2024,Aston Villa,Liverpool,D,3,3,1.2,2.4,14.2,5.2,2.2,1.0,17.8,6.4
14/05/2024,Tottenham,Man City,A,0,2,1.4,2.2,14.4,5.0,3.8,1.4,21.6,10.2
15/05/2024,Brighton,Chelsea,A,1,2,1.6,0.8,16.6,6.6,3.0,1.2,14.4,6.2
15/05/2024,Man United,Newcastle,H,3,2,1.2,1.0,12.2,2.6,2.4,1.4,14.6,7.0
19/05/2024,Arsenal,Everton,H,2,1,2.0,0.6,17.6,6.2,0.6,1.6,11.2,3.0
19/05/2024,Brentford,Newcastle,A,2,4,1.0,2.2,10.0,4.4,2.4,1.0,18.4,6.0
19/05/2024,Brighton,Man United,A,0,2,2.0,1.2,14.4,5.8,1.4,1.2,14.6,5.0
19/05/2024,Burnley,Nott'm Forest,A,1,2,0.8,2.0,12.0,2.8,1.2,1.0,16.0,4.6
19/05/2024,Chelsea,Bournemouth,H,2,1,2.2,0.4,13.0,6.8,1.8,1.6,16.6,6.2
19/05/2024,Crystal Palace,Aston Villa,H,5,0,1.2,1.2,10.6,4.4,2.0,0.8,13.4,4.0
19/05/2024,Liverpool,Wolves,H,2,0,1.6,0.8,19.8,5.8,1.0,2.0,14.2,4.4
19/05/2024,Luton,Fulham,A,2,4,1.2,2.6,10.2,3.2,1.4,1.0,13.6,5.4
19/05/2024,Man City,West Ham,H,3,1,2.6,1.0,24.0,9.4,1.0,1.6,11.4,3.8
19/05/2024,Sheffield United,Tottenham,A,0,3,0.4,2.6,6.8,2.4,1.0,1.6,15.8,6.0
04/08/2023,Sheffield Weds,Southampton,A,1,2,1.0,1.2,10.2,4.0,1.4,1.2,12.2,4.6
05/08/2023,Blackburn,West Brom,H,2,1,1.0,1.4,13.6,4.0,1.8,0.6,12.4,3.6
05/08/2023,Bristol City,Preston,D,1,1,1.2,2.0,11.8,4.8,1.6,2.0,8.8,3.0
05/08/2023,Middlesbrough,Millwall,A,0,1,2.2,1.6,14.2,6.0,0.8,0.6,7.2,2.0
05/08/2023,Norwich,Hull,H,2,1,1.2,1.4,13.8,4.0,0.6,1.6,12.8,4.2
05/08/2023,Plymouth,Huddersfield,H,3,1,1.0,1.2,15.4,5.4,1.2,1.4,8.8,3.8
05/08/2023,Stoke,Rotherham,H,4,1,0.8,1.4,13.0,4.0,1.4,2.2,10.0,2.8
05/08/2023,Swansea,Birmingham,D,1,1,0.6,0.8,15.4,4.0,1.6,1.0,11.6,4.0
05/08/2023,Watford,QPR,H,4,0,0.6,1.4,12.2,4.2,1.4,0.8,8.2,3.4
06/08/2023,Leicester,Coventry,H,2,1,1.2,0.8,12.0,5.4,2.2,1.2,15.6,5.6
06/08/2023,Leeds,Cardiff,D,2,2,1.0,0.8,14.4,5.6,0.8,2.0,11.6,3.8
06/08/2023,Sunderland,Ipswich,A,1,2,0.4,0.6,17.8,4.6,2.0,1.0,15.8,5.8
12/08/2023,Coventry,Middlesbrough,H,3,0,1.4,0.8,12.2,4.0,1.0,1.2,11.4,4.4
12/08/2023,Birmingham,Leeds,H,1,0,0.2,1.6,15.6,2.6,1.8,0.2,13.2,4.8
12/08/2023,Cardiff,QPR,A,1,2,1.2,1.2,12.2,4.8,1.0,1.0,11.6,2.8
12/08/2023,Huddersfield,Leicester,A,0,1,1.2,3.0,9.4,3.4,1.2,0.8,11.8,4.2
12/08/2023,Hull,Sheffield Weds,H,4,2,0.8,1.4,16.2,5.2,1.0,1.6,10.2,3.0
12/08/2023,Ipswich,Stoke,H,2,0,1.6,1.2,15.0,5.4,0.6,1.6,9.8,2.8
12/08/2023,Millwall,Bristol City,A,0,1,1.4,0.6,9.8,4.4,1.8,0.4,10.8,4.4
12/08/2023,Preston,Sunderland,H,2,1,1.8,0.8,7.2,3.4,2.0,1.4,13.8,4.8
12/08/2023,Rotherham,Blackburn,D,2,2,0.2,3.4,7.4,1.6,1.0,2.2,12.0,4.0
12/08/2023,Southampton,Norwich,D,4,4,2.8,1.6,13.0,5.8,1.8,1.4,14.4,5.2
12/08/2023,Watford,Plymouth,D,0,0,1.6,1.0,13.4,4.6,0.8,2.0,9.4,3.6
12/08/2023,West Brom,Swansea,H,3,2,2.0,1.4,10.6,3.4,1.6,1.0,11.8,4.4
18/08/2023,Leeds,West Brom,D,1,1,1.6,0.4,15.8,4.2,0.6,0.8,11.8,3.2
19/08/2023,Plymouth,Southampton,A,1,2,1.2,1.8,14.4,4.2,2.2,1.0,17.8,6.4
19/08/2023,Blackburn,Hull,A,1,2,1.0,1.4,8.0,4.0,1.8,0.6,10.4,4.0
19/08/2023,Bristol City,Birmingham,A,0,2,0.4,0.8,10.0,3.2,1.0,1.4,14.0,4.6
19/08/2023,Leicester,Cardiff,H,2,1,2.6,1.4,15.6,4.8,0.6,2.0,10.4,3.4
19/08/2023,Middlesbrough,Huddersfield,D,1,1,1.2,1.2,14.2,3.8,1.0,0.6,14.2,4.2
19/08/2023,QPR,Ipswich,A,0,1,0.6,1.2,8.4,3.6,3.0,0.6,14.8,6.2
19/08/2023,Sheffield Weds,Preston,A,0,1,1.0,2.2,9.8,2.0,1.2,2.2,11.0,5.6
19/08/2023,Stoke,Watford,H,1,0,0.4,1.2,11.8,2.0,2.2,0.4,11.6,3.6
19/08/2023,Sunderland,Rotherham,H,2,1,0.8,1.0,14.6,4.8,0.4,1.4,9.2,1.8
19/08/2023,Swansea,Coventry,D,1,1,1.0,1.2,14.0,4.0,1.2,1.0,10.4,3.8
20/08/2023,Norwich,Millwall,H,3,1,2.0,0.8,14.0,5.0,0.2,1.8,7.8,2.2
25/08/2023,Hull,Bristol City,D,1,1,2.0,1.8,13.0,4.6,1.2,1.2,11.6,3.2
26/08/2023,Birmingham,Plymouth,H,2,1,1.2,1.8,12.6,4.6,3.2,1.0,15.2,7.4
26/08/2023,Cardiff,Sheffield Weds,H,2,1,2.2,0.6,11.8,5.0,0.8,2.2,14.4,3.8
26/08/2023,Coventry,Sunderland,D,0,0,1.8,1.2,12.4,5.4,0.2,1.8,17.4,5.0
26/08/2023,Huddersfield,Norwich,A,0,4,0.8,1.8,11.0,3.6,1.0,0.8,10.6,3.0
26/08/2023,Ipswich,Leeds,A,3,4,1.6,2.0,16.4,5.2,1.2,1.2,14.0,4.2
26/08/2023,Millwall,Stoke,H,1,0,0.6,1.2,10.6,2.8,0.6,1.6,13.4,4.0
26/08/2023,Preston,Swansea,H,2,1,1.6,1.4,9.8,4.0,1.8,1.0,11.6,4.6
26/08/2023,Rotherham,Leicester,A,1,2,1.0,1.4,9.0,3.0,2.4,0.0,18.2,7.4
26/08/2023,Southampton,QPR,H,2,1,1.2,1.4,14.2,5.0,1.2,1.0,10.2,3.8
26/08/2023,West Brom,Middlesbrough,H,4,2,1.0,0.4,12.4,3.4,1.4,1.4,13.8,4.2
27/08/2023,Watford,Blackburn,A,0,1,0.8,1.6,11.2,3.6,1.2,1.0,13.2,4.8
02/09/2023,Birmingham,Millwall,D,1,1,1.3333333333333333,2.3333333333333335,10.666666666666666,3.0,1.0,0.6666666666666666,12.666666666666666,3.6666666666666665
02/09/2023,Sunderland,Southampton,H,5,0,1.0,2.0,10.666666666666666,5.0,2.3333333333333335,2.3333333333333335,21.0,7.333333333333333
02/09/2023,Swansea,Bristol City,A,1,2,1.0,0.6666666666666666,10.666666666666666,4.0,0.25,0.75,10.75,2.75
02/09/2023,Coventry,Watford,D,3,3,1.6666666666666667,1.6666666666666667,16.0,4.333333333333333,1.6666666666666667,2.0,14.0,5.0
02/09/2023,Ipswich,Cardiff,H,3,2,1.6666666666666667,0.6666666666666666,13.333333333333334,4.666666666666667,1.6666666666666667,0.6666666666666666,9.666666666666666,4.333333333333333
02/09/2023,Leeds,Sheffield Weds,D,0,0,2.0,0.5,16.0,6.25,1.3333333333333333,1.0,15.333333333333334,4.0
02/09/2023,Leicester,Hull,A,0,1,3.0,1.25,16.5,5.25,0.6666666666666666,2.0,10.333333333333334,2.3333333333333335
02/09/2023,Middlesbrough,QPR,A,0,2,1.0,1.6666666666666667,17.333333333333332,5.0,1.5,0.75,7.25,3.5
02/09/2023,Plymouth,Blackburn,H,3,0,1.0,2.0,17.333333333333332,5.0,2.25,2.25,14.0,6.25
02/09/2023,Rotherham,Norwich,H,2,1,1.3333333333333333,1.3333333333333333,8.333333333333334,3.0,1.0,1.3333333333333333,9.666666666666666,2.6666666666666665
02/09/2023,Stoke,Preston,A,0,2,1.0,0.3333333333333333,11.333333333333334,5.0,0.0,1.25,9.75,2.25
02/09/2023,West Brom,Huddersfield,A,1,2,1.3333333333333333,1.3333333333333333,9.0,3.6666666666666665,1.0,2.0,12.0,4.0
15/09/2023,Hull,Coventry,D,1,1,2.4,1.2,14.0,5.8,1.8,1.4,13.2,4.8
15/09/2023,Southampton,Leicester,A,1,4,2.6,2.0,17.4,5.8,1.4,1.2,13.4,4.6
16/09/2023,Blackburn,Middlesbrough,H,2,1,0.8,1.2,9.6,2.8,1.2,1.2,15.4,5.2
16/09/2023,Bristol City,West Brom,D,0,0,1.0,1.6,11.8,4.6,1.6,0.8,11.2,4.0
16/09/2023,Huddersfield,Rotherham,H,2,0,0.8,1.0,12.6,4.4,0.2,1.2,5.8,1.8
16/09/2023,Norwich,Stoke,H,1,0,3.0,1.4,14.4,5.8,0.8,1.0,10.4,3.0
16/09/2023,Preston,Plymouth,H,2,1,1.0,1.0,8.2,3.4,0.6,0.8,11.2,2.8
16/09/2023,QPR,Sunderland,A,1,3,0.2,1.2,15.4,5.2,0.6,0.6,10.0,2.8
16/09/2023,Sheffield Weds,Ipswich,A,0,1,0.4,3.2,12.8,3.6,3.0,0.6,15.2,6.0
16/09/2023,Watford,Birmingham,H,2,0,1.6,2.0,11.6,3.6,1.4,0.6,16.4,4.6
16/09/2023,Cardiff,Swansea,H,2,0,0.2,2.2,9.8,2.4,1.2,1.4,11.4,3.4
17/09/2023,Millwall,Leeds,A,0,3,0.6,2.4,11.6,4.6,1.8,0.4,15.6,5.2
19/09/2023,Bristol City,Plymouth,H,4,1,0.2,1.0,12.0,2.6,1.0,1.8,14.8,3.8
19/09/2023,Cardiff,Coventry,H,3,2,0.8,2.2,10.2,3.4,1.2,1.0,10.4,3.4
19/09/2023,Preston,Birmingham,H,2,1,1.2,2.2,10.2,5.2,1.2,1.4,15.0,4.8
19/09/2023,QPR,Swansea,D,1,1,0.6,1.2,8.4,4.2,1.0,1.4,12.2,3.4
19/09/2023,Southampton,Ipswich,A,0,1,2.4,1.0,19.2,7.6,2.4,0.6,16.4,6.0
19/09/2023,Sheffield Weds,Middlesbrough,D,1,1,0.8,1.8,7.2,1.8,1.2,1.0,13.6,4.4
20/09/2023,Blackburn,Sunderland,A,1,3,0.8,1.8,8.8,3.0,0.6,1.2,13.4,4.6
20/09/2023,Huddersfield,Stoke,D,2,2,0.8,1.8,11.8,2.0,1.2,0.8,16.0,2.6
20/09/2023,Hull,Leeds,D,0,0,1.4,0.6,12.0,4.2,1.8,0.4,15.2,4.0
20/09/2023,Millwall,Rotherham,H,3,0,0.4,2.0,8.0,2.0,1.0,1.6,10.6,2.6
20/09/2023,Watford,West Brom,D,2,2,1.4,0.6,12.8,3.0,1.2,1.2,14.0,5.0
20/09/2023,Norwich,Leicester,A,0,2,2.4,1.0,15.4,5.0,2.4,1.4,15.8,4.8
22/09/2023,Birmingham,QPR,D,0,0,1.0,0.8,10.4,4.0,1.0,0.8,13.0,4.2
23/09/2023,Ipswich,Blackburn,H,4,3,1.8,1.0,12.8,4.4,0.8,1.4,11.8,3.0
23/09/2023,Leeds,Watford,H,3,0,2.4,1.4,15.8,5.4,0.8,0.8,13.0,2.8
23/09/2023,Leicester,Bristol City,H,1,0,2.4,1.0,15.2,5.8,2.0,1.0,14.4,5.0
23/09/2023,Middlesbrough,Southampton,H,2,1,1.4,1.4,14.4,5.6,1.4,2.2,16.4,5.2
23/09/2023,Plymouth,Norwich,H,6,2,0.8,2.2,7.6,2.0,1.6,1.4,14.4,4.0
23/09/2023,Rotherham,Preston,D,1,1,1.0,2.0,7.8,2.6,1.2,1.2,8.8,2.6
23/09/2023,Swansea,Sheffield Weds,H,3,0,1.8,1.6,12.6,4.8,1.0,1.2,9.8,3.4
23/09/2023,West Brom,Millwall,D,0,0,1.2,1.2,14.2,4.6,1.2,1.2,8.6,3.2
24/09/2023,Stoke,Hull,A,1,3,1.6,1.0,17.0,4.0,1.4,1.6,12.2,3.6
24/09/2023,Sunderland,Cardiff,A,0,1,1.0,1.8,15.6,5.0,1.2,0.8,10.4,4.4
25/09/2023,Coventry,Huddersfield,D,1,1,1.4,1.6,11.0,3.8,1.2,2.0,10.2,4.4
29/09/2023,Sheffield Weds,Sunderland,A,0,3,1.2,1.4,13.0,3.8,1.8,0.6,14.2,6.0
30/09/2023,Southampton,Leeds,H,3,1,1.4,0.8,15.6,5.0,2.0,1.4,15.2,4.8
30/09/2023,Bristol City,Stoke,A,2,3,0.6,1.0,10.6,2.6,1.6,1.0,14.2,5.2
30/09/2023,Cardiff,Rotherham,H,2,0,0.6,1.8,10.6,3.4,0.4,2.4,8.2,2.4
30/09/2023,Huddersfield,Ipswich,D,1,1,1.2,2.2,11.6,3.8,1.8,0.8,13.2,5.6
30/09/2023,Hull,Plymouth,D,1,1,2.2,1.6,17.4,6.8,0.8,1.8,9.8,3.0
30/09/2023,Millwall,Swansea,A,0,3,1.2,1.2,9.4,3.8,1.2,1.8,11.4,3.4
30/09/2023,Norwich,Birmingham,H,2,0,1.4,2.0,16.4,4.4,1.0,2.0,13.2,2.8
30/09/2023,Preston,West Brom,A,0,4,0.6,1.8,9.8,2.6,0.8,0.8,14.0,3.4
30/09/2023,QPR,Coventry,A,1,3,1.6,1.2,12.6,4.8,1.8,1.4,14.0,4.4
30/09/2023,Watford,Middlesbrough,A,2,3,1.6,1.6,17.2,6.0,2.2,1.0,10.2,5.2
01/10/2023,Blackburn,Leicester,A,1,4,3.5,1.5,15.5,8.0,3.5,1.0,18.5,6.0
03/10/2023,Birmingham,Huddersfield,H,4,1,1.0,1.2,13.2,4.2,1.8,0.8,11.0,4.2
03/10/2023,Ipswich,Hull,H,3,0,2.4,1.6,16.8,6.2,0.8,1.0,13.0,3.8
03/10/2023,Middlesbrough,Cardiff,H,2,0,1.0,2.0,15.8,5.8,1.2,1.2,10.4,3.6
03/10/2023,Plymouth,Millwall,A,0,2,1.2,0.8,13.8,4.8,0.8,1.0,9.6,3.4
03/10/2023,Stoke,Southampton,A,0,1,0.8,2.0,12.6,4.0,2.0,2.2,16.6,6.6
03/10/2023,West Brom,Sheffield Weds,H,1,0,1.4,1.4,9.2,3.2,0.8,1.4,11.6,4.4
04/10/2023,Coventry,Blackburn,H,1,0,1.4,2.2,14.4,4.2,1.0,2.0,14.6,4.4
04/10/2023,Leeds,QPR,H,1,0,1.2,1.0,14.6,5.0,2.0,0.6,7.2,3.6
04/10/2023,Leicester,Preston,H,3,0,1.4,1.0,14.0,4.2,1.0,1.4,9.0,2.4
04/10/2023,Sunderland,Watford,H,2,0,1.4,1.0,14.2,5.0,1.2,1.8,13.4,4.4
04/10/2023,Swansea,Norwich,H,2,1,0.8,1.2,14.0,3.8,1.2,1.0,14.2,3.8
04/10/2023,Rotherham,Bristol City,A,1,2,1.4,1.2,10.4,3.4,0.6,1.8,12.4,3.2
06/10/2023,Birmingham,West Brom,H,3,1,1.2,1.2,11.0,3.8,2.2,1.4,10.6,3.6
07/10/2023,Sunderland,Middlesbrough,A,0,4,0.6,0.6,18.2,4.8,2.2,1.2,15.4,6.0
07/10/2023,Cardiff,Watford,D,1,1,1.2,2.0,11.8,3.6,1.0,0.6,14.6,4.8
07/10/2023,Coventry,Norwich,D,1,1,2.2,1.2,15.8,5.6,1.2,1.8,16.2,4.8
07/10/2023,Ipswich,Preston,H,4,2,1.8,1.2,15.6,5.6,0.8,1.8,9.4,2.6
07/10/2023,Leeds,Bristol City,H,2,1,1.2,1.2,17.2,5.6,1.2,1.0,10.0,4.0
07/10/2023,Leicester,Stoke,H,2,0,1.6,0.8,14.0,6.6,2.0,0.8,14.6,5.4
07/10/2023,Millwall,Hull,D,2,2,0.6,0.6,8.0,1.8,1.2,1.6,12.2,4.4
07/10/2023,Plymouth,Swansea,A,1,3,1.6,1.0,13.8,5.6,0.8,1.0,11.0,3.6
07/10/2023,QPR,Blackburn,A,0,4,0.6,2.0,11.2,2.8,1.2,0.8,11.6,3.4
07/10/2023,Sheffield Weds,Huddersfield,D,0,0,1.2,0.6,10.2,2.4,0.4,1.2,10.6,3.2
07/10/2023,Southampton,Rotherham,D,1,1,1.2,0.4,13.2,5.0,0.6,2.6,8.0,2.0
21/10/2023,Preston,Millwall,D,1,1,1.2,1.2,9.8,3.4,1.0,1.6,9.6,3.0
21/10/2023,Blackburn,Cardiff,H,1,0,0.8,1.8,12.8,3.4,1.4,1.6,9.4,4.4
21/10/2023,Bristol City,Coventry,H,1,0,1.2,1.2,15.0,3.8,1.4,1.2,10.0,3.4
21/10/2023,Huddersfield,QPR,H,2,1,1.0,2.0,11.8,2.8,1.0,0.4,12.4,5.2
21/10/2023,Hull,Southampton,A,1,2,1.0,0.4,12.0,3.6,1.4,1.4,17.8,6.6
21/10/2023,Middlesbrough,Birmingham,H,1,0,1.4,1.0,11.2,3.8,1.4,1.2,11.0,4.4
21/10/2023,Norwich,Leeds,A,2,3,2.0,1.0,16.2,4.8,1.6,0.4,16.8,4.4
21/10/2023,Stoke,Sunderland,H,2,1,1.6,1.0,17.0,3.0,1.2,1.2,12.4,3.6
21/10/2023,Swansea,Leicester,A,1,3,1.6,1.4,12.8,4.4,2.0,1.2,14.8,3.8
21/10/2023,Watford,Sheffield Weds,H,1,0,0.8,0.8,12.2,2.4,1.4,1.0,8.8,3.4
21/10/2023,West Brom,Plymouth,D,0,0,1.4,1.4,12.2,4.6,1.0,2.6,9.6,2.0
24/10/2023,Huddersfield,Cardiff,A,0,4,1.2,2.0,8.2,3.2,1.4,0.8,9.6,3.8
24/10/2023,Millwall,Blackburn,A,1,2,1.2,0.4,8.8,3.6,1.4,2.0,9.6,3.8
24/10/2023,Norwich,Middlesbrough,A,1,2,1.4,2.2,11.6,4.4,1.4,1.4,13.6,4.8
24/10/2023,Swansea,Watford,A,0,1,2.4,1.0,13.0,5.4,1.2,1.6,11.6,3.6
24/10/2023,Leicester,Sunderland,H,1,0,2.2,0.8,18.2,7.4,1.0,1.8,16.2,5.6
24/10/2023,West Brom,QPR,H,2,0,0.6,0.8,11.4,3.2,0.8,0.8,14.0,4.8
25/10/2023,Birmingham,Hull,A,0,2,0.8,1.4,9.4,4.0,2.0,1.6,13.0,5.8
25/10/2023,Bristol City,Ipswich,A,0,1,1.2,1.2,12.8,3.2,2.4,2.4,15.8,6.0
25/10/2023,Plymouth,Sheffield Weds,H,3,0,2.2,1.6,13.2,6.4,1.2,1.6,12.8,4.0
25/10/2023,Preston,Southampton,D,2,2,1.4,1.2,9.6,3.4,1.0,2.0,13.4,4.2
25/10/2023,Rotherham,Coventry,H,2,0,0.6,2.0,6.0,1.8,1.2,1.6,10.0,3.2
25/10/2023,Stoke,Leeds,H,1,0,1.2,1.6,14.4,4.4,2.4,0.4,14.2,5.4
28/10/2023,Leeds,Huddersfield,H,4,1,1.2,2.2,14.8,4.8,1.2,1.4,13.0,4.0
28/10/2023,Southampton,Birmingham,H,3,1,2.0,1.0,12.2,4.8,1.2,1.6,13.2,3.8
28/10/2023,Blackburn,Swansea,A,0,1,1.2,0.8,12.2,4.4,1.0,2.4,10.0,3.0
28/10/2023,Cardiff,Bristol City,H,2,0,2.2,1.6,15.6,5.4,2.0,1.0,13.6,5.4
28/10/2023,Hull,Preston,H,1,0,1.6,1.4,14.4,7.8,1.6,1.4,10.2,3.6
28/10/2023,Ipswich,Plymouth,H,3,2,1.6,2.0,17.2,5.0,1.6,1.0,12.2,4.6
28/10/2023,Middlesbrough,Stoke,A,0,2,2.0,2.0,15.4,5.8,1.0,1.6,14.6,4.0
28/10/2023,QPR,Leicester,A,1,2,1.2,1.2,9.6,3.6,1.8,0.4,15.0,6.6
28/10/2023,Sunderland,Norwich,H,3,1,0.8,0.8,15.0,4.2,1.6,1.0,12.6,3.8
28/10/2023,Watford,Millwall,D,2,2,0.6,1.4,13.6,3.6,1.0,0.8,15.6,5.6
29/10/2023,Sheffield Weds,Rotherham,H,2,0,1.0,1.6,11.4,3.4,0.6,2.2,6.6,2.0
30/10/2023,Coventry,West Brom,A,0,2,2.2,1.6,14.4,5.0,1.4,0.8,13.6,4.0
03/11/2023,Leicester,Leeds,A,0,1,2.4,1.0,15.0,4.4,1.6,0.8,15.8,5.4
04/11/2023,Birmingham,Ipswich,D,2,2,1.2,0.6,13.2,4.4,2.4,1.2,19.0,6.0
04/11/2023,Bristol City,Sheffield Weds,H,1,0,1.0,1.8,12.8,4.0,1.2,1.6,9.8,3.2
04/11/2023,Huddersfield,Watford,D,0,0,1.6,1.6,10.6,4.2,1.2,2.0,13.2,4.6
04/11/2023,Millwall,Southampton,A,0,1,1.0,0.6,8.4,3.0,1.8,0.4,14.2,5.6
04/11/2023,Plymouth,Middlesbrough,D,3,3,1.4,0.6,16.2,5.6,1.6,1.4,13.4,5.6
04/11/2023,Preston,Coventry,H,3,2,1.0,1.6,8.8,2.4,1.4,1.8,14.4,4.4
04/11/2023,Rotherham,QPR,D,1,1,1.6,1.4,10.6,3.4,1.6,0.8,6.6,3.0
04/11/2023,Stoke,Cardiff,D,0,0,1.0,2.0,14.4,3.6,1.0,2.4,11.8,3.6
04/11/2023,Swansea,Sunderland,D,0,0,0.8,1.2,17.2,4.4,1.8,0.8,13.6,5.0
04/11/2023,West Brom,Hull,H,3,1,1.4,0.8,12.4,3.6,0.6,1.2,12.6,4.6
05/11/2023,Norwich,Blackburn,A,1,3,1.4,1.2,16.0,4.0,1.2,1.0,12.4,3.6
07/11/2023,Rotherham,Ipswich,D,2,2,0.6,2.4,7.2,2.2,2.2,1.6,14.0,6.6
10/11/2023,Blackburn,Preston,A,1,2,1.6,1.8,11.0,4.4,1.8,1.4,7.0,3.0
11/11/2023,Sunderland,Birmingham,H,3,1,1.4,2.0,11.2,4.2,0.6,1.4,15.4,3.0
11/11/2023,Cardiff,Norwich,A,2,3,1.0,0.8,11.2,4.0,2.0,1.0,13.4,4.8
11/11/2023,Coventry,Stoke,D,0,0,1.6,1.0,13.8,4.2,0.6,2.0,9.2,2.6
11/11/2023,Hull,Huddersfield,H,1,0,1.2,1.8,11.6,4.8,1.2,2.8,10.4,3.2
11/11/2023,Ipswich,Swansea,H,3,2,1.4,1.2,13.2,4.2,1.8,0.6,13.2,4.8
11/11/2023,Leeds,Plymouth,H,2,1,1.8,0.2,14.6,5.2,0.8,2.4,13.8,5.2
11/11/2023,Middlesbrough,Leicester,H,1,0,1.8,1.2,12.4,4.8,2.0,0.8,11.8,4.4
11/11/2023,QPR,Bristol City,D,0,0,1.0,1.8,14.4,4.0,2.0,0.8,11.2,4.4
11/11/2023,Sheffield Weds,Millwall,A,0,4,1.0,0.8,9.0,2.8,1.0,1.0,9.8,4.0
11/11/2023,Southampton,West Brom,H,2,1,2.6,1.6,15.4,7.2,2.0,1.6,9.8,3.6
11/11/2023,Watford,Rotherham,H,5,0,0.8,1.2,12.2,3.2,0.6,2.8,7.2,1.8
24/11/2023,Rotherham,Leeds,D,1,1,0.4,1.8,7.0,2.0,3.0,0.8,12.2,5.4
25/11/2023,Birmingham,Sheffield Weds,H,2,1,0.8,1.8,11.0,4.4,0.6,2.0,13.2,3.4
25/11/2023,Bristol City,Middlesbrough,H,3,2,1.0,1.4,13.8,3.4,1.6,1.6,14.0,4.4
25/11/2023,Huddersfield,Southampton,D,1,1,1.0,1.8,10.2,4.0,1.0,2.2,12.4,4.2
25/11/2023,Leicester,Watford,H,2,0,2.2,0.6,16.8,6.8,1.0,1.2,11.6,3.8
25/11/2023,Millwall,Coventry,A,0,3,0.8,0.8,8.0,2.6,1.2,1.8,12.2,4.4
25/11/2023,Norwich,QPR,H,1,0,1.2,2.0,11.4,4.0,0.6,1.2,10.6,3.4
25/11/2023,Plymouth,Sunderland,H,2,0,2.8,1.0,14.2,7.4,0.4,1.8,16.2,5.4
25/11/2023,Preston,Cardiff,A,1,2,1.6,1.2,10.4,4.0,1.8,0.6,10.2,3.8
25/11/2023,Stoke,Blackburn,A,0,3,1.0,1.2,13.2,4.6,1.6,1.6,9.8,4.4
25/11/2023,Swansea,Hull,D,2,2,1.6,1.2,11.0,4.6,2.0,1.0,13.2,6.6
25/11/2023,West Brom,Ipswich,H,2,0,0.6,0.4,13.2,3.0,1.8,1.8,17.4,5.8
28/11/2023,Cardiff,West Brom,A,0,1,1.8,1.6,14.4,5.4,1.8,1.0,15.2,4.6
28/11/2023,Coventry,Plymouth,H,1,0,1.0,0.4,13.2,5.0,1.4,1.6,11.6,4.6
28/11/2023,Hull,Rotherham,H,4,1,1.6,1.2,15.6,7.2,1.0,1.0,8.6,2.8
28/11/2023,Middlesbrough,Preston,H,4,0,1.6,2.2,13.4,4.8,1.2,1.2,10.0,3.4
28/11/2023,QPR,Stoke,H,4,2,1.4,1.4,9.6,3.6,1.4,1.0,14.8,5.0
28/11/2023,Watford,Norwich,H,3,2,0.8,1.8,15.0,3.8,1.6,1.2,11.8,3.8
29/11/2023,Blackburn,Birmingham,H,4,2,0.2,1.0,14.6,4.2,1.2,2.0,12.4,3.2
29/11/2023,Leeds,Swansea,H,3,1,2.2,2.4,14.4,5.8,1.0,2.0,10.2,3.2
29/11/2023,Sheffield Weds,Leicester,D,1,1,1.2,1.2,12.0,4.0,1.6,0.8,13.2,5.6
29/11/2023,Southampton,Bristol City,H,1,0,2.2,0.8,11.2,5.0,2.0,1.0,12.4,5.0
29/11/2023,Sunderland,Huddersfield,A,1,2,2.2,0.6,13.2,6.6,1.4,1.8,11.4,3.8
29/11/2023,Ipswich,Millwall,H,3,1,2.2,2.0,17.4,5.2,1.4,0.8,12.2,4.4
01/12/2023,Preston,QPR,A,0,2,0.0,1.5,8.0,2.0,1.0,1.0,9.0,3.5
02/12/2023,West Brom,Leicester,A,1,2,1.25,1.5,9.25,4.0,2.4,1.2,17.4,4.4
02/12/2023,Birmingham,Rotherham,D,0,0,1.25,2.0,12.25,3.25,1.5,1.25,8.5,3.0
02/12/2023,Hull,Watford,A,1,2,0.75,1.5,9.5,2.75,2.0,2.25,14.0,5.0
02/12/2023,Ipswich,Coventry,H,2,1,2.0,1.0,14.75,5.25,2.0,2.0,16.0,5.0
02/12/2023,Leeds,Middlesbrough,H,3,2,1.6,0.4,16.0,5.8,0.75,1.75,17.0,6.0
02/12/2023,Millwall,Sunderland,D,1,1,1.0,0.75,11.75,3.5,2.0,1.5,12.5,6.25
02/12/2023,Plymouth,Stoke,H,2,1,1.5,1.5,18.75,6.0,0.75,0.75,13.0,4.0
02/12/2023,Sheffield Weds,Blackburn,H,3,1,1.0,0.75,14.0,4.25,1.8,2.4,15.2,5.8
02/12/2023,Southampton,Cardiff,H,2,0,1.75,3.0,19.0,6.0,1.75,1.25,10.5,4.5
02/12/2023,Swansea,Huddersfield,D,1,1,1.0,1.0,11.0,4.0,1.25,1.75,12.5,4.0
03/12/2023,Bristol City,Norwich,A,1,2,0.6,0.8,11.8,3.0,1.2,1.4,13.4,3.6
08/12/2023,Coventry,Birmingham,H,2,0,2.2,1.4,17.2,5.6,1.6,1.4,10.8,3.8
09/12/2023,Blackburn,Leeds,A,0,2,2.0,0.6,11.6,4.2,1.4,1.0,18.0,6.0
09/12/2023,Sunderland,West Brom,H,2,1,0.6,2.0,13.6,4.4,1.8,2.0,9.4,3.2
09/12/2023,Cardiff,Millwall,H,1,0,1.4,1.4,10.2,3.6,1.0,0.6,9.8,3.2
09/12/2023,Huddersfield,Bristol City,D,1,1,0.6,1.6,11.6,2.8,1.0,1.2,10.0,3.4
09/12/2023,Leicester,Plymouth,H,4,0,1.6,1.0,15.4,5.6,1.4,1.2,16.8,7.4
09/12/2023,Middlesbrough,Ipswich,A,0,2,2.2,0.4,13.8,4.8,1.8,1.6,12.0,5.0
09/12/2023,Norwich,Preston,D,0,0,2.0,1.2,11.0,4.4,1.6,1.6,9.2,3.0
09/12/2023,QPR,Hull,H,2,0,0.6,2.2,16.2,3.8,1.8,1.6,11.4,4.4
09/12/2023,Rotherham,Swansea,A,1,2,0.8,2.6,6.2,2.0,1.0,1.0,9.2,3.4
09/12/2023,Stoke,Sheffield Weds,A,0,1,1.6,1.4,12.4,4.8,1.2,0.8,9.2,3.2
09/12/2023,Watford,Southampton,D,1,1,1.4,0.8,16.0,4.6,1.6,0.8,15.8,7.2
12/12/2023,Blackburn,Bristol City,H,2,1,1.2,2.4,14.6,4.4,1.8,0.2,10.4,3.8
12/12/2023,Huddersfield,Preston,A,1,3,1.0,2.4,10.4,3.6,2.0,0.6,8.6,3.4
12/12/2023,Rotherham,West Brom,A,0,2,0.6,2.8,8.8,2.2,2.4,1.4,10.6,3.8
12/12/2023,Stoke,Swansea,D,1,1,0.2,1.8,9.0,2.4,1.6,1.4,10.6,3.4
12/12/2023,Watford,Ipswich,A,1,2,1.4,0.6,13.6,4.2,1.8,0.8,17.8,6.6
12/12/2023,Sunderland,Leeds,H,1,0,1.8,1.0,13.8,4.6,1.4,0.4,12.0,3.6
13/12/2023,Cardiff,Birmingham,A,0,1,0.8,2.6,11.0,3.2,1.4,0.6,12.6,3.0
13/12/2023,Coventry,Southampton,D,1,1,1.6,1.0,13.2,4.0,2.8,2.0,17.0,5.8
13/12/2023,Leicester,Millwall,H,3,2,0.8,1.0,12.8,4.2,1.8,1.4,12.2,4.8
13/12/2023,Norwich,Sheffield Weds,H,3,1,2.8,1.8,14.6,5.8,0.6,3.0,10.4,3.4
13/12/2023,QPR,Plymouth,D,0,0,1.2,1.2,10.4,2.8,0.8,1.2,8.2,3.2
13/12/2023,Middlesbrough,Hull,A,1,2,1.2,1.0,12.0,4.4,2.2,1.0,16.4,6.0
16/12/2023,Ipswich,Norwich,D,2,2,2.8,0.4,15.8,6.0,2.4,0.6,14.0,5.6
16/12/2023,Bristol City,Sunderland,H,1,0,0.8,1.2,12.4,4.2,1.0,0.8,12.2,3.8
16/12/2023,Hull,Cardiff,H,3,0,2.4,1.0,13.8,5.6,0.6,1.6,10.6,3.6
16/12/2023,Leeds,Coventry,D,1,1,1.4,0.6,13.2,5.0,1.4,1.6,12.4,4.2
16/12/2023,Millwall,Huddersfield,D,1,1,1.2,2.4,13.0,4.8,1.0,0.4,14.2,4.8
16/12/2023,Plymouth,Rotherham,H,3,2,0.8,1.2,12.2,3.2,0.2,1.2,6.4,2.0
16/12/2023,Preston,Watford,A,1,5,1.0,1.2,7.6,3.0,1.8,1.6,11.6,3.8
16/12/2023,Sheffield Weds,QPR,H,2,1,0.4,2.6,12.8,2.8,0.4,1.2,14.2,5.2
16/12/2023,Southampton,Blackburn,H,4,0,2.0,1.4,16.0,5.0,0.8,1.2,10.0,3.8
16/12/2023,Swansea,Middlesbrough,A,1,2,1.0,1.6,11.6,3.6,0.8,1.4,16.8,5.2
17/12/2023,West Brom,Stoke,D,1,1,0.8,0.6,10.8,2.4,0.4,1.2,11.6,2.2
18/12/2023,Birmingham,Leicester,A,2,3,1.2,0.8,15.4,4.4,2.2,1.6,14.4,4.6
22/12/2023,Bristol City,Hull,H,3,2,1.4,1.0,14.0,4.0,1.0,0.8,14.2,3.8
22/12/2023,Swansea,Preston,H,2,1,1.6,1.6,12.0,4.6,1.0,1.0,8.0,2.2
23/12/2023,Leeds,Ipswich,H,4,0,3.0,1.4,15.8,6.6,2.2,1.4,15.6,5.4
23/12/2023,Blackburn,Watford,A,1,2,1.2,2.0,10.6,3.2,0.8,1.2,11.8,2.4
23/12/2023,Leicester,Rotherham,H,3,0,2.2,1.0,17.0,6.6,1.0,1.8,7.6,2.6
23/12/2023,Middlesbrough,West Brom,H,1,0,1.6,1.4,13.8,5.2,1.2,0.8,14.4,4.6
23/12/2023,Norwich,Huddersfield,H,2,0,1.6,2.6,14.0,4.0,1.2,1.8,9.8,3.0
23/12/2023,Plymouth,Birmingham,D,3,3,1.8,1.8,9.6,3.6,0.6,0.8,9.6,3.6
23/12/2023,QPR,Southampton,A,0,1,1.0,0.6,12.6,4.2,1.0,2.4,15.2,4.2
23/12/2023,Sheffield Weds,Cardiff,A,1,2,1.0,1.6,10.2,3.0,1.2,1.4,9.6,4.0
23/12/2023,Stoke,Millwall,D,0,0,1.8,1.0,17.4,3.6,1.2,0.8,9.6,3.4
23/12/2023,Sunderland,Coventry,A,0,3,1.2,1.2,14.0,4.2,1.0,1.8,11.2,3.2
26/12/2023,Preston,Leeds,H,2,1,1.8,1.2,10.2,3.8,1.2,1.8,15.0,5.2
26/12/2023,Millwall,QPR,H,2,0,0.8,1.2,12.6,3.8,1.4,1.2,10.0,4.4
26/12/2023,Cardiff,Plymouth,D,2,2,2.2,0.6,12.8,5.2,2.2,1.0,15.2,7.0
26/12/2023,Coventry,Sheffield Weds,H,2,0,1.2,1.2,13.8,5.6,1.0,2.0,14.6,4.0
26/12/2023,Huddersfield,Blackburn,H,3,0,0.8,2.2,13.6,4.4,2.0,1.6,9.4,5.0
26/12/2023,Hull,Sunderland,A,0,1,2.2,1.2,15.0,7.8,0.2,1.2,16.2,4.2
26/12/2023,Rotherham,Middlesbrough,H,1,0,1.0,1.6,10.0,3.0,1.4,2.0,14.0,4.2
26/12/2023,Southampton,Swansea,H,5,0,1.4,1.2,12.6,4.6,1.6,1.2,11.6,4.0
26/12/2023,Watford,Bristol City,A,1,4,0.8,1.6,11.0,3.4,1.0,1.4,11.6,4.0
26/12/2023,West Brom,Norwich,H,1,0,1.8,0.8,10.6,3.6,1.4,0.8,8.2,2.4
26/12/2023,Birmingham,Stoke,A,1,3,1.6,2.0,12.8,4.6,0.6,1.8,13.6,3.8
26/12/2023,Ipswich,Leicester,D,1,1,1.4,2.2,14.8,4.2,1.8,0.2,17.8,7.6
29/12/2023,Southampton,Plymouth,H,2,1,2.0,0.6,12.6,5.4,1.0,1.8,10.8,4.0
29/12/2023,Birmingham,Bristol City,D,0,0,1.2,2.6,15.0,3.6,1.4,0.8,12.0,3.6
29/12/2023,Cardiff,Leicester,A,0,2,1.0,1.8,12.0,3.8,1.4,0.8,12.6,4.8
29/12/2023,Coventry,Swansea,D,2,2,1.2,0.2,11.4,3.8,1.0,2.2,10.2,3.4
29/12/2023,Huddersfield,Middlesbrough,A,1,2,1.2,2.0,10.8,3.6,1.8,1.0,12.2,5.2
29/12/2023,Hull,Blackburn,H,3,2,1.6,1.4,15.2,6.2,1.0,0.8,14.8,5.2
29/12/2023,Ipswich,QPR,D,0,0,2.2,1.4,17.0,5.4,1.6,1.6,12.6,4.6
29/12/2023,Millwall,Norwich,H,1,0,1.2,1.4,10.6,4.4,1.4,2.0,15.6,4.4
29/12/2023,Preston,Sheffield Weds,A,0,1,0.8,1.8,10.2,3.0,1.4,1.0,12.6,5.0
29/12/2023,Rotherham,Sunderland,D,1,1,0.4,2.2,6.2,1.8,1.8,0.8,17.0,7.4
29/12/2023,Watford,Stoke,D,1,1,1.6,1.4,16.6,5.4,1.6,1.4,14.4,5.2
29/12/2023,West Brom,Leeds,H,1,0,1.4,1.2,12.8,3.6,2.8,1.8,15.0,6.4
12/01/2024,Hull,Norwich,A,1,2,1.0,1.4,14.0,5.2,2.4,1.2,16.2,6.0
13/01/2024,Coventry,Leicester,H,3,1,1.6,0.8,11.4,3.4,1.4,0.6,13.0,4.8
13/01/2024,Birmingham,Swansea,D,2,2,0.4,1.2,12.6,2.2,1.6,1.6,9.6,2.8
13/01/2024,Cardiff,Leeds,A,0,3,1.0,1.4,12.2,4.4,1.4,0.6,12.0,4.2
13/01/2024,Huddersfield,Plymouth,D,1,1,1.0,2.8,10.6,3.8,0.6,1.8,9.4,3.6
13/01/2024,Millwall,Middlesbrough,A,1,3,1.2,0.8,9.4,3.8,1.0,1.4,12.8,4.6
13/01/2024,Preston,Bristol City,H,2,0,1.8,0.6,8.0,2.6,1.6,0.4,10.2,3.4
13/01/2024,Rotherham,Stoke,A,0,1,0.4,2.8,8.2,2.0,0.4,1.8,9.6,2.4
13/01/2024,Southampton,Sheffield Weds,H,4,0,2.8,2.0,15.0,6.0,1.4,2.0,9.6,2.8
13/01/2024,West Brom,Blackburn,H,4,1,2.4,1.0,10.8,3.8,1.6,2.2,14.8,4.6
13/01/2024,Ipswich,Sunderland,H,2,1,1.8,1.0,18.0,7.2,2.0,1.0,14.8,4.6
14/01/2024,QPR,Watford,A,1,2,0.8,1.2,13.6,4.0,2.0,1.8,13.8,4.6
19/01/2024,Sunderland,Hull,A,0,1,0.8,1.0,14.0,5.2,2.2,0.6,11.4,4.6
20/01/2024,Swansea,Southampton,A,1,3,0.8,1.6,9.8,3.0,2.2,0.4,18.0,6.6
20/01/2024,Blackburn,Huddersfield,D,1,1,1.0,1.8,10.2,4.2,1.0,0.8,15.0,3.4
20/01/2024,Bristol City,Watford,D,1,1,1.0,0.8,13.4,2.8,1.8,0.4,11.8,3.8
20/01/2024,Middlesbrough,Rotherham,D,1,1,1.4,1.2,12.4,4.4,0.6,1.6,9.2,2.0
20/01/2024,Norwich,West Brom,H,2,0,2.6,0.8,15.0,5.6,0.8,0.8,11.0,3.0
20/01/2024,Plymouth,Cardiff,H,3,1,1.2,2.4,14.2,4.2,1.4,2.2,9.6,3.6
20/01/2024,QPR,Millwall,H,2,0,0.8,1.4,8.4,3.8,0.2,2.4,11.8,4.0
20/01/2024,Sheffield Weds,Coventry,A,1,2,1.0,0.8,7.2,2.0,1.2,1.2,8.4,2.6
20/01/2024,Stoke,Birmingham,A,1,2,0.4,1.2,11.6,1.4,1.4,1.6,12.8,4.6
21/01/2024,Leeds,Preston,H,2,1,1.6,0.2,14.6,3.6,1.2,1.8,12.2,5.0
22/01/2024,Leicester,Ipswich,D,1,1,2.4,1.0,13.6,4.8,2.0,1.2,14.2,4.8
24/01/2024,Leeds,Norwich,H,1,0,3.4,1.2,13.6,6.2,1.8,2.4,16.2,5.0
27/01/2024,Millwall,Preston,D,1,1,1.2,1.2,14.8,4.2,1.6,1.4,10.8,4.0
27/01/2024,Sunderland,Stoke,H,3,1,0.2,0.8,17.0,3.8,1.0,1.6,13.0,3.6
28/01/2024,QPR,Huddersfield,D,1,1,1.0,1.4,8.4,2.8,1.2,1.4,12.4,4.2
30/01/2024,Coventry,Bristol City,D,2,2,1.6,0.6,12.2,3.6,0.6,0.6,10.6,2.6
30/01/2024,Leicester,Swansea,H,3,1,1.6,0.6,13.4,5.2,1.4,1.6,11.8,4.0
31/01/2024,Sheffield Weds,Watford,D,0,0,1.0,1.0,11.2,4.2,2.0,2.0,15.8,6.0
02/02/2024,Bristol City,Leeds,A,0,1,0.5,0.5,9.5,3.5,3.0,0.5,17.5,8.5
03/02/2024,Blackburn,QPR,A,1,2,1.6,2.6,15.2,5.0,1.6,0.6,8.0,3.4
03/02/2024,Huddersfield,Sheffield Weds,H,4,0,1.2,1.6,11.0,3.8,1.4,0.8,13.8,5.0
03/02/2024,Hull,Millwall,H,1,0,0.8,1.6,12.2,3.6,1.0,0.8,10.8,3.6
03/02/2024,Norwich,Coventry,H,2,1,1.0,1.5,11.5,3.25,1.8,2.0,15.8,4.2
03/02/2024,Preston,Ipswich,H,3,2,0.4,1.0,9.2,2.4,2.0,1.0,14.4,4.8
03/02/2024,Rotherham,Southampton,A,0,2,1.2,1.0,9.2,3.2,1.8,2.4,18.8,6.0
03/02/2024,Stoke,Leicester,A,0,5,0.8,1.0,12.2,4.0,2.0,1.2,15.4,3.8
03/02/2024,Swansea,Plymouth,A,0,1,1.0,1.0,13.2,4.2,1.6,1.4,18.2,6.4
03/02/2024,Watford,Cardiff,A,0,1,2.0,2.0,13.2,4.8,1.4,1.4,10.4,4.2
03/02/2024,West Brom,Birmingham,H,1,0,1.2,1.6,9.2,3.8,1.0,1.6,12.2,3.4
04/02/2024,Middlesbrough,Sunderland,D,1,1,1.2,1.4,14.2,5.6,1.8,1.4,12.0,5.6
09/02/2024,Sheffield Weds,Birmingham,H,2,0,0.6,0.6,9.2,2.6,1.2,1.4,10.8,4.4
10/02/2024,Ipswich,West Brom,D,2,2,2.2,1.4,11.8,5.0,1.4,2.2,9.6,2.4
10/02/2024,Blackburn,Stoke,H,3,1,1.6,0.8,11.6,4.0,1.6,1.4,12.4,4.4
10/02/2024,Cardiff,Preston,A,0,2,1.4,1.4,10.0,3.4,1.4,1.4,8.2,2.6
10/02/2024,Hull,Swansea,A,0,1,1.6,1.8,10.0,4.6,1.4,1.2,12.4,4.8
10/02/2024,Leeds,Rotherham,H,3,0,1.6,0.6,15.8,5.2,1.0,2.8,5.4,2.2
10/02/2024,Middlesbrough,Bristol City,A,1,2,2.2,0.6,12.0,4.6,1.0,1.4,9.6,2.8
10/02/2024,QPR,Norwich,D,2,2,0.6,1.8,14.8,3.4,1.8,0.6,13.4,4.6
10/02/2024,Southampton,Huddersfield,H,5,3,1.6,1.0,13.8,6.2,0.6,1.2,9.8,2.6
10/02/2024,Sunderland,Plymouth,H,3,1,1.0,2.2,12.4,4.0,1.2,2.0,15.6,6.2
10/02/2024,Watford,Leicester,A,1,2,0.8,1.0,13.6,3.0,2.0,0.8,14.6,5.2
11/02/2024,Coventry,Millwall,H,2,1,1.4,1.2,14.8,4.4,0.8,0.8,9.4,3.4
13/02/2024,Birmingham,Blackburn,H,1,0,0.8,1.4,11.6,3.2,1.2,2.8,15.4,4.2
13/02/2024,Leicester,Sheffield Weds,H,2,0,0.8,1.2,12.0,4.2,1.0,2.8,8.2,3.0
13/02/2024,Norwich,Watford,H,4,2,2.2,1.8,14.8,5.2,1.4,0.8,13.8,4.0
13/02/2024,Rotherham,Hull,A,1,2,0.4,2.4,7.4,1.6,1.6,1.4,16.4,5.4
13/02/2024,Swansea,Leeds,A,0,4,2.0,1.8,9.2,3.4,1.6,0.6,13.4,4.8
13/02/2024,Bristol City,Southampton,H,3,1,1.4,0.8,12.2,4.2,3.2,1.8,15.4,6.2
13/02/2024,West Brom,Cardiff,H,2,0,2.4,1.0,11.6,3.8,0.8,2.0,12.6,4.0
14/02/2024,Huddersfield,Sunderland,H,1,0,0.6,1.4,9.6,3.0,1.4,1.0,13.0,3.8
14/02/2024,Plymouth,Coventry,D,2,2,0.6,0.6,9.6,3.2,1.4,1.0,12.4,3.8
14/02/2024,Preston,Middlesbrough,H,2,1,1.8,0.8,11.0,3.6,1.2,1.4,13.4,4.8
14/02/2024,Stoke,QPR,H,1,0,0.6,0.8,8.6,2.6,0.6,1.2,14.0,4.6
14/02/2024,Millwall,Ipswich,A,0,4,2.0,1.6,12.8,5.2,2.0,1.0,18.4,7.0
16/02/2024,West Brom,Southampton,A,0,2,2.2,0.8,10.4,3.8,2.0,2.0,15.0,5.2
17/02/2024,Plymouth,Leeds,A,0,2,1.2,1.4,15.4,4.4,1.6,0.6,15.8,6.0
17/02/2024,Birmingham,Sunderland,H,2,1,1.0,0.6,15.8,4.0,0.8,0.6,13.8,5.0
17/02/2024,Bristol City,QPR,A,0,1,1.0,0.8,10.6,3.6,0.6,1.6,9.4,3.6
17/02/2024,Huddersfield,Hull,A,1,2,1.0,0.4,13.6,4.4,2.2,0.6,13.6,5.6
17/02/2024,Leicester,Middlesbrough,A,1,2,2.2,1.2,13.0,5.4,1.0,1.4,16.4,5.0
17/02/2024,Millwall,Sheffield Weds,A,0,2,1.4,2.4,13.4,5.8,0.8,2.4,11.8,2.6
17/02/2024,Norwich,Cardiff,H,4,1,2.0,0.6,13.4,5.0,0.6,1.8,10.0,3.6
17/02/2024,Preston,Blackburn,D,2,2,1.2,2.0,9.2,4.6,0.6,1.2,8.4,4.0
17/02/2024,Rotherham,Watford,A,0,1,0.6,1.6,7.6,2.8,2.4,1.0,12.4,4.6
17/02/2024,Stoke,Coventry,A,0,1,0.6,1.0,9.8,2.6,1.0,1.6,11.0,3.6
17/02/2024,Swansea,Ipswich,A,1,2,0.8,1.6,12.4,3.6,2.8,0.6,16.0,6.0
20/02/2024,Cardiff,Blackburn,D,0,0,1.2,2.8,8.2,2.8,1.2,2.0,11.0,4.4
20/02/2024,Ipswich,Rotherham,H,4,3,1.4,0.6,14.6,4.6,0.8,1.8,9.0,2.2
20/02/2024,Plymouth,West Brom,A,0,3,1.6,2.2,13.6,3.8,0.8,0.8,12.2,3.2
20/02/2024,Southampton,Hull,A,1,2,2.4,0.6,19.6,7.8,1.8,0.6,12.6,4.2
23/02/2024,Coventry,Preston,A,0,3,1.2,1.2,11.0,3.0,1.0,1.4,8.8,2.6
23/02/2024,Leeds,Leicester,H,3,1,2.0,1.4,16.0,5.4,2.0,0.8,13.8,5.4
24/02/2024,Hull,West Brom,D,1,1,1.0,1.2,13.6,3.6,0.6,1.0,12.8,3.6
24/02/2024,Blackburn,Norwich,D,1,1,1.4,2.4,12.0,4.0,1.2,2.4,13.2,4.2
24/02/2024,Cardiff,Stoke,H,2,1,1.0,1.2,9.4,4.0,1.6,1.0,18.6,3.8
24/02/2024,Ipswich,Birmingham,H,3,1,2.0,2.2,12.8,4.8,1.0,1.0,9.0,4.2
24/02/2024,Middlesbrough,Plymouth,A,0,2,1.6,1.2,14.4,5.4,1.8,2.2,9.6,4.2
24/02/2024,QPR,Rotherham,H,2,1,0.8,0.6,12.8,4.0,0.8,2.2,6.8,2.2
24/02/2024,Sheffield Weds,Bristol City,H,2,1,1.0,1.8,12.0,3.6,1.2,1.0,12.2,4.0
24/02/2024,Southampton,Millwall,A,1,2,1.0,2.0,14.8,4.4,1.0,0.8,9.2,3.4
24/02/2024,Sunderland,Swansea,A,1,2,1.2,1.6,15.2,4.8,2.2,1.4,13.4,5.0
24/02/2024,Watford,Huddersfield,A,1,2,1.0,1.2,12.6,3.2,1.0,2.0,7.6,2.8
01/03/2024,West Brom,Coventry,H,2,1,0.0,1.0,10.0,5.0,3.0,1.0,17.0,8.0
02/03/2024,Bristol City,Cardiff,A,0,1,0.3333333333333333,0.6666666666666666,8.666666666666666,2.6666666666666665,2.0,1.0,10.0,4.5
02/03/2024,Huddersfield,Leeds,D,1,1,1.0,2.5,12.0,3.5,2.3333333333333335,0.3333333333333333,16.333333333333332,7.666666666666667
02/03/2024,Birmingham,Southampton,A,3,4,0.5,1.5,9.5,2.5,1.5,2.0,19.0,6.0
02/03/2024,Leicester,QPR,A,1,2,3.6666666666666665,1.0,16.0,5.333333333333333,1.3333333333333333,0.6666666666666666,8.666666666666666,4.0
02/03/2024,Millwall,Watford,H,1,0,1.0,1.0,16.0,4.5,2.5,2.5,15.0,6.0
02/03/2024,Norwich,Sunderland,H,1,0,1.0,2.0,6.5,2.0,1.5,2.5,10.0,5.5
02/03/2024,Plymouth,Ipswich,A,0,2,1.5,2.0,21.5,6.5,1.5,1.0,13.0,4.0
02/03/2024,Preston,Hull,D,0,0,0.0,1.6666666666666667,7.666666666666667,1.6666666666666667,1.0,3.0,8.0,1.5
02/03/2024,Rotherham,Sheffield Weds,A,0,1,2.0,1.5,9.0,4.0,1.5,1.5,14.5,4.0
02/03/2024,Stoke,Middlesbrough,H,2,0,0.5,0.5,11.5,5.0,1.5,1.5,21.0,6.0
02/03/2024,Swansea,Blackburn,H,2,1,0.5,0.5,12.5,4.0,2.6666666666666665,2.3333333333333335,15.333333333333334,6.666666666666667
05/03/2024,Blackburn,Millwall,D,1,1,0.8,1.8,15.4,4.2,0.8,0.6,8.0,2.6
05/03/2024,Coventry,Rotherham,H,5,0,1.2,1.8,14.8,4.6,1.4,1.4,10.4,3.4
05/03/2024,Hull,Birmingham,D,1,1,0.6,1.8,13.0,4.6,1.4,0.8,12.4,4.2
05/03/2024,Leeds,Stoke,H,1,0,1.2,0.8,14.8,5.2,1.0,1.6,12.2,3.6
05/03/2024,Sheffield Weds,Plymouth,H,1,0,0.6,1.6,8.4,2.0,1.4,1.2,13.6,4.8
05/03/2024,Sunderland,Leicester,A,0,1,0.8,0.8,15.0,3.6,2.0,0.8,11.6,4.8
05/03/2024,Ipswich,Bristol City,H,3,2,2.2,1.2,18.6,6.0,1.2,1.6,12.8,4.8
06/03/2024,Cardiff,Huddersfield,H,1,0,0.6,1.8,11.4,3.2,1.2,1.8,10.8,3.8
06/03/2024,Middlesbrough,Norwich,H,3,1,1.8,1.2,15.2,5.4,1.2,1.6,16.0,4.6
06/03/2024,Watford,Swansea,D,1,1,1.0,1.2,14.8,5.8,0.6,0.8,13.2,4.2
06/03/2024,QPR,West Brom,D,2,2,1.0,1.6,6.8,3.0,1.8,0.6,13.4,3.8
08/03/2024,Sheffield Weds,Leeds,A,0,2,0.8,0.6,9.0,2.2,1.4,1.0,19.2,6.4
09/03/2024,Cardiff,Ipswich,H,2,1,1.0,1.2,9.4,3.0,2.2,1.6,13.2,5.8
09/03/2024,Blackburn,Plymouth,D,1,1,2.0,0.6,12.2,4.0,1.6,1.6,14.8,6.6
09/03/2024,Hull,Leicester,D,2,2,1.6,1.8,11.6,4.2,2.0,0.4,14.0,6.6
09/03/2024,Millwall,Birmingham,H,1,0,0.8,1.0,8.2,1.8,1.0,1.6,14.2,4.6
09/03/2024,Norwich,Rotherham,H,5,0,1.2,1.6,14.6,4.2,0.8,2.6,7.2,2.2
09/03/2024,Preston,Stoke,A,1,2,1.2,2.0,10.0,2.8,1.2,1.2,11.2,4.2
09/03/2024,QPR,Middlesbrough,A,0,2,0.6,2.6,14.4,3.6,2.4,1.0,16.4,6.2
09/03/2024,Southampton,Sunderland,H,4,2,1.2,0.6,15.8,6.2,0.2,1.4,18.2,4.6
09/03/2024,Watford,Coventry,A,1,2,1.2,0.4,14.0,4.2,2.2,0.8,16.8,5.6
10/03/2024,Huddersfield,West Brom,A,1,4,1.2,2.0,11.0,3.4,1.6,2.2,7.8,2.0
10/03/2024,Bristol City,Swansea,H,1,0,1.0,1.0,9.8,3.4,1.4,1.0,12.8,4.6
12/03/2024,Birmingham,Middlesbrough,A,0,1,0.2,1.8,16.4,3.8,1.2,1.2,10.4,4.6
16/03/2024,Swansea,Cardiff,H,2,0,1.2,2.0,10.0,3.2,0.4,2.2,10.6,2.8
16/03/2024,Birmingham,Watford,A,0,1,1.6,0.4,13.0,4.0,1.4,2.0,12.8,3.4
16/03/2024,Ipswich,Sheffield Weds,H,6,0,2.2,0.6,15.6,6.0,0.8,2.8,12.2,3.8
16/03/2024,Middlesbrough,Blackburn,D,0,0,1.2,1.8,15.0,5.0,1.2,1.6,11.4,3.4
16/03/2024,Plymouth,Preston,A,0,1,0.8,0.6,10.4,3.4,1.8,0.8,10.6,3.4
16/03/2024,Rotherham,Huddersfield,D,0,0,0.6,1.6,6.2,2.2,0.8,1.2,11.6,4.0
16/03/2024,Stoke,Norwich,A,0,3,0.8,0.8,10.2,3.2,2.8,1.6,13.0,5.2
16/03/2024,Sunderland,QPR,D,0,0,0.8,1.0,11.0,3.6,0.6,1.4,14.6,4.8
16/03/2024,West Brom,Bristol City,H,2,0,1.6,0.8,10.0,3.6,1.2,1.2,12.4,3.8
17/03/2024,Leeds,Millwall,H,2,0,2.0,0.4,15.2,5.6,1.2,2.2,12.2,5.4
29/03/2024,Bristol City,Leicester,H,1,0,1.8,1.2,11.4,4.6,1.6,0.6,13.4,5.4
29/03/2024,Millwall,West Brom,D,1,1,1.4,0.6,13.8,5.4,1.6,1.0,13.6,4.0
29/03/2024,Cardiff,Sunderland,A,0,2,1.4,1.6,12.8,4.0,1.4,0.6,13.6,4.8
29/03/2024,Huddersfield,Coventry,A,1,3,1.2,2.0,12.0,4.0,1.2,0.0,11.2,4.2
29/03/2024,Hull,Stoke,A,0,2,2.0,1.4,16.6,8.0,1.8,1.6,13.2,5.4
29/03/2024,Norwich,Plymouth,H,2,1,1.8,1.8,12.8,4.6,1.0,1.8,12.2,4.8
29/03/2024,Preston,Rotherham,H,3,0,1.0,1.6,10.4,3.2,1.0,1.6,9.2,2.8
29/03/2024,QPR,Birmingham,H,2,1,1.4,1.8,11.2,4.4,1.4,1.8,12.4,3.4
29/03/2024,Sheffield Weds,Swansea,D,1,1,1.0,1.8,12.8,3.4,1.2,2.2,11.4,3.2
29/03/2024,Southampton,Middlesbrough,D,1,1,2.2,0.8,11.8,4.8,2.0,1.6,13.6,5.6
29/03/2024,Blackburn,Ipswich,A,0,1,0.8,0.8,14.4,4.4,2.0,2.4,16.4,4.6
29/03/2024,Watford,Leeds,D,2,2,1.4,1.8,17.4,5.4,1.8,2.2,15.2,4.8
01/04/2024,Leicester,Norwich,H,3,1,4.0,1.0,19.0,6.0,1.0,1.0,7.0,2.0
01/04/2024,Birmingham,Preston,H,1,0,0.0,3.0,8.0,1.0,0.0,2.0,12.0,3.0
01/04/2024,Coventry,Cardiff,A,1,2,2.0,1.5,17.0,5.5,2.0,1.0,10.0,5.0
01/04/2024,Middlesbrough,Sheffield Weds,H,2,0,1.0,3.0,19.0,7.0,3.0,1.0,23.0,6.0
01/04/2024,Plymouth,Bristol City,A,0,1,3.0,3.0,31.0,11.0,0.0,1.0,5.0,1.0
01/04/2024,Rotherham,Millwall,H,2,1,2.0,2.0,13.0,4.0,1.0,0.0,11.0,2.0
01/04/2024,Stoke,Huddersfield,D,1,1,0.0,0.0,8.0,4.0,1.0,4.0,12.0,4.0
01/04/2024,Sunderland,Blackburn,A,1,5,2.0,0.0,7.0,4.0,2.0,2.0,18.0,9.0
01/04/2024,Swansea,QPR,A,0,1,1.0,0.0,10.0,4.0,1.0,2.0,8.0,3.0
01/04/2024,West Brom,Watford,D,2,2,1.0,1.0,8.5,3.5,3.0,3.0,18.0,5.0
01/04/2024,Ipswich,Southampton,H,3,2,0.0,0.0,13.0,2.0,1.0,1.0,21.0,4.0
01/04/2024,Leeds,Hull,H,3,1,3.0,0.0,21.0,11.0,1.0,3.0,5.0,1.0
05/04/2024,Rotherham,Plymouth,A,0,1,1.4,2.4,9.4,2.8,1.0,1.2,13.0,3.8
06/04/2024,Norwich,Ipswich,H,1,0,1.0,2.0,14.8,4.6,2.4,1.4,18.8,7.0
06/04/2024,Blackburn,Southampton,D,0,0,1.6,0.8,11.2,3.2,1.6,0.4,13.8,6.0
06/04/2024,Cardiff,Hull,A,1,3,0.8,1.4,11.0,3.4,0.6,2.0,12.6,4.4
06/04/2024,Coventry,Leeds,H,2,1,2.0,1.4,15.0,5.6,1.4,0.8,14.6,5.8
06/04/2024,Huddersfield,Millwall,H,1,0,0.4,2.0,10.6,3.0,1.0,0.4,8.6,2.2
06/04/2024,Leicester,Birmingham,H,2,1,1.8,0.6,11.8,5.4,1.8,1.0,11.2,4.0
06/04/2024,Middlesbrough,Swansea,H,2,0,2.0,1.4,16.0,5.6,0.8,0.8,11.4,3.8
06/04/2024,QPR,Sheffield Weds,A,0,2,1.0,1.8,9.4,3.4,0.8,0.8,9.6,2.0
06/04/2024,Stoke,West Brom,D,2,2,1.6,0.6,14.0,4.4,2.0,1.0,12.2,3.8
06/04/2024,Sunderland,Bristol City,D,0,0,0.6,0.8,16.4,4.2,1.2,1.8,9.8,4.0
06/04/2024,Watford,Preston,D,0,0,1.2,1.2,15.2,5.2,1.4,2.2,9.6,3.0
09/04/2024,Millwall,Leicester,H,1,0,1.0,0.8,9.2,2.6,1.8,0.8,15.2,6.2
09/04/2024,Plymouth,QPR,D,1,1,1.2,1.2,16.8,7.0,0.4,2.8,14.2,3.2
09/04/2024,Preston,Huddersfield,H,4,1,1.4,1.8,9.6,3.0,0.4,0.8,11.0,2.8
09/04/2024,Sheffield Weds,Norwich,D,2,2,1.0,0.4,10.6,2.8,1.8,1.4,12.6,4.8
09/04/2024,Southampton,Coventry,H,2,1,1.6,0.8,17.8,7.4,1.6,1.0,15.2,5.0
09/04/2024,Leeds,Sunderland,D,0,0,1.6,1.0,18.6,7.2,0.6,2.2,15.8,5.0
10/04/2024,Birmingham,Cardiff,A,0,1,0.8,1.6,15.2,3.8,1.2,1.2,10.2,3.6
10/04/2024,Bristol City,Blackburn,H,5,0,1.0,0.8,9.8,3.4,1.6,0.8,11.4,4.2
10/04/2024,Hull,Middlesbrough,D,2,2,1.4,1.6,10.2,4.6,1.8,0.8,12.2,4.4
10/04/2024,Ipswich,Watford,D,0,0,2.2,1.6,13.4,5.4,0.8,1.2,12.4,3.0
10/04/2024,Swansea,Stoke,H,3,0,1.2,1.0,12.2,4.2,1.0,1.8,10.8,3.8
10/04/2024,West Brom,Rotherham,H,2,0,2.0,2.0,9.4,3.2,0.8,2.6,5.6,2.0
12/04/2024,Plymouth,Leicester,H,1,0,0.8,2.2,12.4,4.4,1.6,1.0,11.4,3.8
13/04/2024,Leeds,Blackburn,A,0,1,1.8,0.6,12.2,5.2,1.2,2.0,15.2,4.0
13/04/2024,Birmingham,Coventry,H,3,0,1.0,1.2,12.8,3.6,1.8,0.8,12.6,4.0
13/04/2024,Bristol City,Huddersfield,D,1,1,1.0,1.0,12.0,3.6,0.6,2.0,9.8,3.4
13/04/2024,Hull,QPR,H,3,0,2.0,1.4,18.6,6.4,1.4,0.8,11.0,3.0
13/04/2024,Ipswich,Middlesbrough,D,1,1,1.8,0.8,17.2,6.8,1.4,1.2,12.4,4.6
13/04/2024,Millwall,Cardiff,H,3,1,1.2,1.4,11.2,4.0,0.8,2.0,12.0,3.2
13/04/2024,Preston,Norwich,A,0,1,2.2,0.6,9.2,3.8,3.0,2.2,14.0,5.6
13/04/2024,Sheffield Weds,Stoke,D,1,1,0.6,2.8,8.6,2.8,0.4,1.2,9.0,2.4
13/04/2024,Southampton,Watford,H,3,2,3.2,2.2,17.4,6.4,1.6,1.2,13.4,4.0
13/04/2024,Swansea,Rotherham,H,1,0,1.4,2.6,8.2,2.8,0.6,2.4,7.2,2.6
13/04/2024,West Brom,Sunderland,A,0,1,2.4,1.0,11.6,3.6,1.8,1.2,14.0,4.2
16/04/2024,Southampton,Preston,H,3,0,1.6,2.0,14.6,4.6,1.6,0.6,10.2,3.8
20/04/2024,Leicester,West Brom,H,2,1,2.6,1.6,16.6,5.4,1.0,0.8,13.2,3.8
20/04/2024,Cardiff,Southampton,H,2,1,1.2,2.2,8.8,3.6,2.0,1.0,18.0,7.2
20/04/2024,Huddersfield,Swansea,A,0,4,1.2,1.0,13.0,3.0,1.0,1.8,11.0,3.6
20/04/2024,Norwich,Bristol City,D,1,1,2.4,0.6,15.2,5.8,1.2,1.0,13.6,3.4
20/04/2024,Rotherham,Birmingham,D,0,0,1.4,2.2,10.2,2.6,1.8,1.4,13.0,5.0
20/04/2024,Stoke,Plymouth,H,3,0,0.6,1.0,14.0,2.2,1.0,2.4,9.4,2.0
20/04/2024,Sunderland,Millwall,A,0,1,1.2,1.2,15.2,5.6,0.2,2.0,9.4,3.4
20/04/2024,Watford,Hull,D,0,0,1.8,0.6,11.8,3.4,2.0,0.6,12.4,4.4
20/04/2024,QPR,Preston,H,1,0,1.0,0.8,9.8,4.2,1.6,1.8,12.0,5.6
21/04/2024,Blackburn,Sheffield Weds,A,1,3,1.0,1.6,12.4,3.4,1.2,1.0,8.2,3.0
22/04/2024,Middlesbrough,Leeds,A,3,4,1.2,0.8,12.8,5.0,1.8,0.8,17.2,5.0
23/04/2024,Leicester,Southampton,H,5,0,1.8,1.2,14.0,5.2,1.4,1.4,17.6,5.8
24/04/2024,Coventry,Hull,A,2,3,1.4,1.6,11.0,3.8,0.8,1.2,12.0,3.2
26/04/2024,QPR,Leeds,H,4,0,0.4,1.0,9.6,3.6,1.8,0.4,14.4,5.2
27/04/2024,Blackburn,Coventry,D,0,0,1.4,1.4,9.4,4.2,1.2,0.6,14.2,5.4
27/04/2024,Bristol City,Rotherham,H,2,0,1.8,1.4,13.4,4.8,1.2,1.0,10.2,3.2
27/04/2024,Cardiff,Middlesbrough,A,1,4,2.2,0.8,14.0,5.0,1.2,2.2,15.2,4.4
27/04/2024,Huddersfield,Birmingham,D,1,1,1.0,2.0,13.8,4.6,1.2,2.0,13.0,4.2
27/04/2024,Millwall,Plymouth,H,1,0,1.0,1.2,16.6,5.2,2.0,0.8,14.8,6.6
27/04/2024,Norwich,Swansea,D,2,2,1.4,0.8,8.6,2.8,1.0,2.2,10.0,3.4
27/04/2024,Sheffield Weds,West Brom,H,3,0,0.8,2.0,13.2,3.4,2.0,0.6,13.0,3.8
27/04/2024,Southampton,Stoke,A,0,1,2.2,1.2,12.2,5.6,1.0,1.6,14.0,3.2
27/04/2024,Watford,Sunderland,H,1,0,1.0,1.8,12.8,4.2,0.8,0.8,15.4,3.6
27/04/2024,Hull,Ipswich,D,3,3,1.6,1.0,14.2,7.4,1.6,1.6,18.2,4.6
29/04/2024,Preston,Leicester,A,0,3,1.2,1.4,11.8,3.6,1.4,0.8,14.0,5.0
30/04/2024,Coventry,Ipswich,A,1,2,1.6,1.0,12.6,4.0,2.0,1.2,14.6,6.0
04/05/2024,Birmingham,Norwich,H,1,0,1.6,1.4,13.4,4.6,1.4,1.4,14.4,3.8
04/05/2024,Coventry,QPR,A,1,2,1.4,2.2,14.0,3.6,1.8,0.4,7.8,3.6
04/05/2024,Ipswich,Huddersfield,H,2,0,2.4,1.2,17.0,6.2,1.8,1.4,12.0,4.8
04/05/2024,Leeds,Southampton,A,1,2,1.2,0.6,15.2,5.4,1.8,1.6,15.0,5.8
04/05/2024,Leicester,Blackburn,A,0,2,1.6,1.0,14.8,3.8,0.8,2.8,15.8,4.8
04/05/2024,Middlesbrough,Watford,H,3,1,1.0,1.6,12.6,5.0,1.4,1.6,13.0,5.0
04/05/2024,Plymouth,Hull,H,1,0,1.2,1.0,15.8,5.6,0.6,1.0,13.4,4.6
04/05/2024,Rotherham,Cardiff,H,5,2,0.8,1.0,8.2,2.8,0.8,1.4,9.6,3.4
04/05/2024,Stoke,Bristol City,H,4,0,0.6,2.0,12.6,3.2,0.8,1.0,13.8,4.0
04/05/2024,Sunderland,Sheffield Weds,A,0,2,1.6,1.6,13.2,5.8,0.8,1.2,11.2,4.4
04/05/2024,Swansea,Millwall,A,0,1,0.8,1.2,15.2,4.2,1.0,0.6,7.2,2.6
04/05/2024,West Brom,Preston,H,3,0,1.2,1.2,11.2,3.4,1.0,1.0,8.8,2.4
